,date,code,open,high,low,close,preclose,volume,amount,pctChg
0,2021-12-31,sh.000300,4937.4630,4950.3639,4923.1392,4940.3733,4921.5109,12131373700,266975388723.2000,0.383264
1,2022-01-04,sh.000300,4957.9835,4961.4527,4874.5337,4917.7653,4940.3733,15153477600,336516961627.0000,-0.457617
2,2022-01-05,sh.000300,4907.9347,4916.2822,4851.9835,4868.1202,4917.7653,17881610000,363944528847.9000,-1.009505
3,2022-01-06,sh.000300,4842.1560,4857.5596,4786.4330,4818.2318,4868.1202,15766582600,321750076549.2000,-1.024798
4,2022-01-07,sh.000300,4824.3181,4856.6522,4818.1931,4822.3689,4818.2318,18713941300,332218950735.0000,0.085863
5,2022-01-10,sh.000300,4812.2300,4844.3928,4780.8191,4844.0451,4822.3689,15621169600,305033816783.5000,0.449493
6,2022-01-11,sh.000300,4840.0087,4850.8790,4791.8854,4797.7735,4844.0451,14692800400,286445756033.7000,-0.955226
7,2022-01-12,sh.000300,4818.8902,4852.7314,4810.9190,4845.5787,4797.7735,14320020400,293153042845.2000,0.996404
8,2022-01-13,sh.000300,4853.0314,4853.0632,4765.2416,4765.9191,4845.5787,14251965300,288799117043.3000,-1.643965
9,2022-01-14,sh.000300,4743.9124,4764.0522,4723.9428,4726.7317,4765.9191,14686312600,281828448517.4000,-0.822242
10,2022-01-17,sh.000300,4728.7595,4775.2385,4726.7083,4767.2762,4726.7317,11529569100,263788241676.0000,0.857770
11,2022-01-18,sh.000300,4766.7811,4826.3003,4747.9200,4813.3472,4767.2762,15087080200,282749393138.7000,0.966401
12,2022-01-19,sh.000300,4815.8106,4828.7522,4755.9301,4780.3784,4813.3472,13392736000,275534557468.5000,-0.684945
13,2022-01-20,sh.000300,4778.2616,4845.0048,4777.5683,4823.5091,4780.3784,16497131500,304344267970.5000,0.902244
14,2022-01-21,sh.000300,4808.7733,4818.3052,4762.5641,4779.3142,4823.5091,13895258500,274699155293.8000,-0.916240
15,2022-01-24,sh.000300,4753.9413,4801.0976,4746.4479,4786.7377,4779.3142,11446388000,246261594852.9000,0.155326
16,2022-01-25,sh.000300,4761.9500,4781.3908,4678.2472,4678.4511,4786.7377,13366758600,250555769168.0000,-2.262221
17,2022-01-26,sh.000300,4697.0991,4718.9946,4648.1283,4712.3109,4678.4511,10707084200,226553448356.8000,0.723740
18,2022-01-27,sh.000300,4708.0989,4708.4364,4616.0273,4619.8765,4712.3109,12126380400,250535654824.4000,-1.961551
19,2022-01-28,sh.000300,4641.8137,4660.5190,4559.8331,4563.7720,4619.8765,12648011200,263967891828.3000,-1.214416
20,2022-02-07,sh.000300,4638.5754,4672.6535,4615.0052,4634.0899,4563.7720,14484972000,266031793985.3000,1.540785
21,2022-02-08,sh.000300,4626.4365,4626.4365,4522.4709,4608.7729,4634.0899,15583070800,281364873762.5000,-0.546321
22,2022-02-09,sh.000300,4608.1491,4659.4611,4595.2826,4652.0609,4608.7729,14833554700,273771960506.0000,0.939252
23,2022-02-10,sh.000300,4657.2107,4657.2107,4608.0905,4639.8625,4652.0609,15157666600,287224388085.6000,-0.262215
24,2022-02-11,sh.000300,4617.8741,4662.5963,4595.8751,4601.3953,4639.8625,15597458400,307938016714.5000,-0.829059
25,2022-02-14,sh.000300,4579.4202,4593.6324,4530.0566,4551.6878,4601.3953,14367389400,275737553466.7000,-1.080270
26,2022-02-15,sh.000300,4553.8112,4601.4530,4550.5430,4600.1025,4551.6878,11502560000,249977008675.0000,1.063665
27,2022-02-16,sh.000300,4619.8458,4643.1003,4607.2178,4617.9893,4600.1025,10725895500,210190931035.5000,0.388835
28,2022-02-17,sh.000300,4616.8955,4650.1591,4606.9522,4629.1649,4617.9893,11001464300,227946249306.5000,0.242001
29,2022-02-18,sh.000300,4604.5669,4651.3415,4598.1003,4651.2358,4629.1649,10455022800,195825700477.9000,0.476779
30,2022-02-21,sh.000300,4646.0522,4646.6724,4613.2971,4634.3141,4651.2358,11251651200,215039182297.2000,-0.363811
31,2022-02-22,sh.000300,4601.9184,4602.0660,4550.8040,4574.1527,4634.3141,12331723700,246872960668.1000,-1.298173
32,2022-02-23,sh.000300,4582.0064,4625.2979,4579.2945,4623.0465,4574.1527,12295291600,259050146194.4000,1.068915
33,2022-02-24,sh.000300,4592.0690,4610.8792,4488.4763,4529.3189,4623.0465,18440305800,342346666856.5000,-2.027399
34,2022-02-25,sh.000300,4564.6321,4611.8602,4561.8964,4573.4247,4529.3189,14972258300,271727599672.0000,0.973784
35,2022-02-28,sh.000300,4563.7427,4581.6459,4530.6764,4581.6459,4573.4247,13540697800,248363727482.7000,0.179760
36,2022-03-01,sh.000300,4597.8550,4623.4312,4583.9170,4619.6862,4581.6459,12313922000,260431185063.7000,0.830276
37,2022-03-02,sh.000300,4594.0170,4594.0170,4558.4416,4578.6007,4619.6862,11329832500,215299655365.1000,-0.889357
38,2022-03-03,sh.000300,4595.0249,4599.3973,4544.4313,4551.6283,4578.6007,13828587700,242701771996.2000,-0.589097
39,2022-03-04,sh.000300,4513.3636,4539.3925,4481.4927,4496.4301,4551.6283,12726680600,249970282271.0000,-1.212713
40,2022-03-07,sh.000300,4462.5174,4462.5174,4338.3042,4352.7775,4496.4301,16219770600,306898527658.4000,-3.194814
41,2022-03-08,sh.000300,4361.6424,4383.6467,4252.5386,4265.3910,4352.7775,16786327700,315176698370.9000,-2.007603
42,2022-03-09,sh.000300,4280.9789,4304.4820,4068.1930,4226.3463,4265.3910,19423290000,341009391865.7000,-0.915384
43,2022-03-10,sh.000300,4326.2035,4335.6731,4288.5078,4292.8374,4226.3463,14526638300,301636182195.2000,1.573253
44,2022-03-11,sh.000300,4231.1961,4316.0440,4176.4522,4306.5217,4292.8374,15239992100,295008832432.0000,0.318771
45,2022-03-14,sh.000300,4248.1526,4280.3609,4174.7577,4174.7577,4306.5217,13018723600,260691659460.8000,-3.059639
46,2022-03-15,sh.000300,4125.4866,4163.4176,3983.8120,3983.8120,4174.7577,20252469900,346988947367.8000,-4.573815
47,2022-03-16,sh.000300,4053.0990,4168.5853,3942.8610,4156.0810,3983.8120,19602198200,378883588290.3000,4.324225
48,2022-03-17,sh.000300,4237.6722,4302.7426,4217.8038,4237.6956,4156.0810,17940734400,385039197285.7000,1.963739
49,2022-03-18,sh.000300,4218.4736,4283.3679,4194.9402,4265.9017,4237.6956,14945830500,275791291072.6000,0.665600
50,2022-03-21,sh.000300,4280.1397,4287.8166,4223.0240,4258.7459,4265.9017,12703636000,251214543321.0000,-0.167744
51,2022-03-22,sh.000300,4252.5658,4283.3344,4236.6888,4255.2950,4258.7459,12638247000,226213533984.5000,-0.081031
52,2022-03-23,sh.000300,4269.6088,4287.5771,4241.9570,4276.5174,4255.2950,11708907800,226390778403.3000,0.498729
53,2022-03-24,sh.000300,4249.5328,4273.9568,4216.8506,4251.3061,4276.5174,10891827200,219594430540.4000,-0.589529
54,2022-03-25,sh.000300,4249.0731,4254.8449,4173.9300,4174.5742,4251.3061,10880804600,217013187264.8000,-1.804902
55,2022-03-28,sh.000300,4128.8379,4174.1206,4091.2978,4148.4663,4174.5742,11844902100,213468973997.5000,-0.625403
56,2022-03-29,sh.000300,4155.4182,4177.2134,4124.7179,4134.1441,4148.4663,10026697200,199463853668.2000,-0.345241
57,2022-03-30,sh.000300,4162.1666,4254.0989,4160.7351,4254.0989,4134.1441,13834602400,268869181171.3000,2.901563
58,2022-03-31,sh.000300,4234.7159,4247.3602,4214.5352,4222.5968,4254.0989,13402918500,238877216805.6000,-0.740512
59,2022-04-01,sh.000300,4198.8191,4290.6710,4190.0835,4276.1580,4222.5968,13380305300,244758870755.2000,1.268442
60,2022-04-06,sh.000300,4258.8325,4277.5238,4236.7283,4263.8411,4276.1580,15906219500,253690929897.9000,-0.288037
61,2022-04-07,sh.000300,4240.0237,4278.1127,4205.7430,4209.0998,4263.8411,13488035300,216996185503.7000,-1.283849
62,2022-04-08,sh.000300,4213.2107,4237.8126,4175.5287,4230.7669,4209.0998,14284379300,229081764759.3000,0.514768
63,2022-04-11,sh.000300,4203.7902,4203.7902,4089.0934,4100.0703,4230.7669,14819707100,265224932471.5000,-3.089194
64,2022-04-12,sh.000300,4102.9711,4179.9727,4075.7960,4179.9727,4100.0703,14428568400,252830412756.4000,1.948806
65,2022-04-13,sh.000300,4154.4121,4194.0374,4139.7370,4139.7370,4179.9727,12509748900,221281029559.7000,-0.962583
66,2022-04-14,sh.000300,4172.6443,4217.0612,4155.5509,4191.5684,4139.7370,12479131600,245993822040.5000,1.252046
67,2022-04-15,sh.000300,4162.3718,4211.3174,4152.9740,4188.7472,4191.5684,12476226300,226229740275.2000,-0.067307
68,2022-04-18,sh.000300,4152.9306,4171.7427,4119.9941,4166.3844,4188.7472,11750461000,212855328186.8000,-0.533878
69,2022-04-19,sh.000300,4161.9328,4186.9389,4115.4184,4134.9017,4166.3844,11021747100,208570579128.8000,-0.755636
70,2022-04-20,sh.000300,4130.5427,4136.1661,4060.5044,4070.7889,4134.9017,11733165800,216536635695.2000,-1.550528
71,2022-04-21,sh.000300,4048.7338,4086.4393,3978.3669,3995.8300,4070.7889,13278382800,227026679682.4000,-1.841385
72,2022-04-22,sh.000300,3967.2016,4037.0840,3953.7217,4013.2498,3995.8300,12210181100,206371766715.6000,0.435949
73,2022-04-25,sh.000300,3933.4459,3958.2102,3814.9127,3814.9127,4013.2498,16836450200,272889272275.2000,-4.942057
74,2022-04-26,sh.000300,3822.4887,3871.8498,3773.8986,3784.1198,3814.9127,15757761100,259626354225.4000,-0.807172
75,2022-04-27,sh.000300,3758.0835,3895.7310,3757.0859,3895.5361,3784.1198,17273404600,296924102939.0000,2.944312
76,2022-04-28,sh.000300,3883.4196,3943.4349,3873.5781,3921.1073,3895.5361,15305658600,268502242452.9000,0.656423
77,2022-04-29,sh.000300,3939.6238,4017.4281,3898.5701,4016.2410,3921.1073,17945837700,321414877428.2000,2.426195
78,2022-05-05,sh.000300,3995.3533,4039.7000,3988.9312,4010.2102,4016.2410,15417071600,290538230662.9000,-0.150160
79,2022-05-06,sh.000300,3928.8548,3947.2378,3902.0510,3908.8150,4010.2102,12300555100,214825174047.3000,-2.528426
80,2022-05-09,sh.000300,3883.9514,3914.1116,3854.9353,3877.4364,3908.8150,9293669400,171756502863.8000,-0.802765
81,2022-05-10,sh.000300,3820.6278,3932.6823,3808.5699,3919.8684,3877.4364,13641691800,239060211932.9000,1.094331
82,2022-05-11,sh.000300,3917.9322,4033.3026,3916.5249,3976.4231,3919.8684,16563225600,309294912796.8000,1.442770
83,2022-05-12,sh.000300,3949.9490,3985.9268,3935.5886,3958.7400,3976.4231,11337606600,202029156415.1000,-0.444699
84,2022-05-13,sh.000300,3983.8201,4003.8539,3957.1392,3988.6002,3958.7400,10996835700,195727044922.1000,0.754285
85,2022-05-16,sh.000300,4014.9955,4018.0283,3947.7461,3956.5378,3988.6002,11242529400,199717909541.0000,-0.803851
86,2022-05-17,sh.000300,3961.7605,4005.8934,3955.1018,4005.8934,3956.5378,10966145400,210117539690.9000,1.247444
87,2022-05-18,sh.000300,4015.0134,4017.3410,3964.7503,3991.9069,4005.8934,10807423300,201800666052.1000,-0.349148
88,2022-05-19,sh.000300,3938.2964,3999.5984,3933.7452,3999.5984,3991.9069,11629342000,210206681641.5000,0.192677
89,2022-05-20,sh.000300,4020.8162,4077.6016,4020.8162,4077.5998,3999.5984,14706917300,265609089942.6000,1.950231
90,2022-05-23,sh.000300,4080.9694,4080.9694,4029.0846,4053.9823,4077.5998,13047781000,225981540919.1000,-0.579201
91,2022-05-24,sh.000300,4052.8675,4055.7830,3959.1541,3959.1541,4053.9823,14555433600,247713039712.6000,-2.339137
92,2022-05-25,sh.000300,3959.7672,3983.6236,3946.8083,3983.1784,3959.1541,10773401500,188700537391.3000,0.606804
93,2022-05-26,sh.000300,3987.6815,4015.7468,3938.2389,3993.0446,3983.1784,12626368900,216987025401.0000,0.247697
94,2022-05-27,sh.000300,4022.7095,4051.1428,3983.3838,4001.2988,3993.0446,11276933700,206944426227.2000,0.206714
95,2022-05-30,sh.000300,4020.8584,4040.8190,4003.3768,4029.0179,4001.2988,11115224100,211144721615.5000,0.692753
96,2022-05-31,sh.000300,4031.7621,4096.1971,4020.3781,4091.5176,4029.0179,13541551300,267770088726.0000,1.551239
97,2022-06-01,sh.000300,4086.6177,4094.9008,4058.8468,4083.1772,4091.5176,11485087900,225416237873.3000,-0.203846
98,2022-06-02,sh.000300,4063.9996,4091.1520,4057.9135,4089.5682,4083.1772,11389363800,222657537906.0000,0.156520
99,2022-06-06,sh.000300,4090.5286,4166.6151,4063.9057,4166.0850,4089.5682,16787101100,324075626903.1000,1.871024
100,2022-06-07,sh.000300,4165.6899,4198.0863,4155.1683,4179.1285,4166.0850,14299288100,285733722332.6000,0.313088
101,2022-06-08,sh.000300,4187.1483,4224.8096,4158.0329,4219.8122,4179.1285,15737405700,319480252836.5000,0.973497
102,2022-06-09,sh.000300,4211.7225,4227.4484,4160.8814,4175.6747,4219.8122,16844915400,285172804211.6000,-1.045959
103,2022-06-10,sh.000300,4145.6505,4241.3541,4140.2203,4238.9936,4175.6747,18479621400,324091440663.3000,1.516375
104,2022-06-13,sh.000300,4194.4574,4218.2327,4156.7146,4189.3527,4238.9936,16847562200,336585670508.0000,-1.171054
105,2022-06-14,sh.000300,4143.2232,4224.0857,4102.9290,4222.3114,4189.3527,17138590400,335418557931.6000,0.786725
106,2022-06-15,sh.000300,4228.2926,4348.4226,4228.2926,4278.2178,4222.3114,25704659000,459766820664.8000,1.324071
107,2022-06-16,sh.000300,4282.0827,4302.9212,4241.0750,4250.0614,4278.2178,18407441600,337235911542.4000,-0.658134
108,2022-06-17,sh.000300,4219.2339,4318.7655,4218.6817,4309.0444,4250.0614,15864909800,346675726828.8000,1.387815
109,2022-06-20,sh.000300,4322.8324,4368.3555,4297.8912,4330.4328,4309.0444,16566638200,359569296859.8000,0.496361
110,2022-06-21,sh.000300,4327.9159,4357.3396,4287.1406,4325.5657,4330.4328,16466761500,317163317740.3000,-0.112393
111,2022-06-22,sh.000300,4331.9020,4333.1827,4269.2456,4270.6227,4325.5657,15856585400,298656263311.3000,-1.270192
112,2022-06-23,sh.000300,4277.9555,4343.8781,4260.9002,4343.8781,4270.6227,17088236000,327144780543.7000,1.715333
113,2022-06-24,sh.000300,4354.5530,4400.6852,4346.1221,4394.7723,4343.8781,16897219900,356054750521.5000,1.171630
114,2022-06-27,sh.000300,4414.3321,4472.6948,4414.3321,4444.2639,4394.7723,17738567600,381432966327.9000,1.126147
115,2022-06-28,sh.000300,4442.5811,4497.8949,4407.3519,4490.5166,4444.2639,17475648900,361685970663.6000,1.040728
116,2022-06-29,sh.000300,4472.7346,4503.1307,4413.9961,4421.3570,4490.5166,18727668800,395926107698.5000,-1.540126
117,2022-06-30,sh.000300,4418.0656,4514.9968,4418.0656,4485.0108,4421.3570,15666628900,354343886760.3000,1.439689
118,2022-07-01,sh.000300,4489.5204,4500.9853,4449.2914,4466.7179,4485.0108,14477959900,318492130199.6000,-0.407867
119,2022-07-04,sh.000300,4447.2159,4496.0338,4427.8232,4496.0303,4466.7179,14634565100,356968521261.0000,0.656240
120,2022-07-05,sh.000300,4505.4572,4530.3245,4439.4511,4489.5383,4496.0303,15496241500,361891850839.3000,-0.144394
121,2022-07-06,sh.000300,4475.4815,4484.3615,4393.4165,4423.9698,4489.5383,14980023500,344672707728.0000,-1.460473
122,2022-07-07,sh.000300,4425.2814,4457.3431,4391.1938,4443.4736,4423.9698,13266090600,328133133656.5000,0.440866
123,2022-07-08,sh.000300,4468.0627,4479.4937,4426.8856,4428.7810,4443.4736,12319573900,304031107302.5000,-0.330656
124,2022-07-11,sh.000300,4406.1476,4406.1476,4330.5819,4354.6167,4428.7810,13444857800,299195233430.3000,-1.674598
125,2022-07-12,sh.000300,4352.6456,4370.3411,4296.6215,4313.6184,4354.6167,13018783800,291072311850.2000,-0.941490
126,2022-07-13,sh.000300,4313.3589,4341.4663,4284.9419,4321.4617,4313.6184,13111317900,286075545406.5000,0.181826
127,2022-07-14,sh.000300,4308.8229,4352.0978,4292.7595,4322.0742,4321.4617,14525092600,301569861036.8000,0.014173
128,2022-07-15,sh.000300,4299.4714,4344.8572,4248.5273,4248.5273,4322.0742,15021445300,316793192669.9000,-1.701658
129,2022-07-18,sh.000300,4262.1539,4300.7777,4217.5064,4292.5858,4248.5273,12260119200,281055128639.5000,1.037030
130,2022-07-19,sh.000300,4288.4441,4288.4441,4238.8238,4269.3401,4292.5858,10380573000,231117731807.1000,-0.541531
131,2022-07-20,sh.000300,4291.2808,4303.3668,4269.9717,4283.8027,4269.3401,9449014400,212301881407.6000,0.338755
132,2022-07-21,sh.000300,4270.3624,4283.1471,4236.0499,4236.0578,4283.8027,11715634400,239228146811.6000,-1.114545
133,2022-07-22,sh.000300,4251.7867,4275.4696,4207.3135,4238.2341,4236.0578,10384062400,224295333457.3000,0.051376
134,2022-07-25,sh.000300,4233.9277,4234.8448,4201.9190,4212.6441,4238.2341,8363666400,188136426672.8000,-0.603789
135,2022-07-26,sh.000300,4220.0911,4259.9854,4214.5343,4245.9758,4212.6441,8582327400,197601406373.7000,0.791230
136,2022-07-27,sh.000300,4236.1540,4242.0951,4217.2809,4225.0357,4245.9758,7890494000,194245303807.0000,-0.493175
137,2022-07-28,sh.000300,4242.2743,4267.9181,4223.0290,4225.6733,4225.0357,10753193000,243871486472.0000,0.015091
138,2022-07-29,sh.000300,4226.4245,4243.5143,4160.8735,4170.1019,4225.6733,11417928600,253198574647.5000,-1.315090
139,2022-08-01,sh.000300,4160.6478,4196.5743,4129.4528,4188.6784,4170.1019,10774902900,251125308597.5000,0.445469
140,2022-08-02,sh.000300,4144.3765,4144.3765,4071.4310,4107.0240,4188.6784,14222442500,281013555279.9000,-1.949407
141,2022-08-03,sh.000300,4114.8251,4150.9804,4058.1792,4066.9754,4107.0240,11666612400,268695834765.4000,-0.975125
142,2022-08-04,sh.000300,4089.4419,4108.1591,4064.6594,4101.5367,4066.9754,8953264400,216898674902.2000,0.849804
143,2022-08-05,sh.000300,4109.6287,4159.4850,4097.8625,4156.9111,4101.5367,10257100400,247325902015.1000,1.350089
144,2022-08-08,sh.000300,4142.1111,4155.7301,4135.0809,4148.0746,4156.9111,9020813800,224080812054.7000,-0.212574
145,2022-08-09,sh.000300,4143.6660,4161.8086,4131.4252,4156.2907,4148.0746,8413695900,214223692260.1000,0.198070
146,2022-08-10,sh.000300,4149.2071,4160.7871,4092.5455,4109.7373,4156.2907,8556583900,217447368470.0000,-1.120071
147,2022-08-11,sh.000300,4130.7410,4193.8115,4116.0558,4193.5428,4109.7373,12138505100,269630998406.8000,2.039194
148,2022-08-12,sh.000300,4185.4203,4202.4663,4175.0501,4191.1520,4193.5428,10680829500,219208055254.9000,-0.057011
149,2022-08-15,sh.000300,4180.0006,4219.9183,4174.3000,4185.6794,4191.1520,10589849500,245539800985.4000,-0.130575
150,2022-08-16,sh.000300,4190.5269,4208.8006,4170.5197,4177.8370,4185.6794,9390613900,233818584731.5000,-0.187363
151,2022-08-17,sh.000300,4182.5668,4222.7866,4155.1734,4216.9586,4177.8370,11286465900,252044325051.7000,0.936408
152,2022-08-18,sh.000300,4205.7851,4211.9141,4173.5410,4180.0996,4216.9586,10105265000,233115491389.8000,-0.874066
153,2022-08-19,sh.000300,4174.5458,4185.6579,4151.0738,4151.0738,4180.0996,11740297800,262494128152.3000,-0.694381
154,2022-08-22,sh.000300,4135.1623,4183.6498,4134.2008,4181.3965,4151.0738,11244272000,259747163698.2000,0.730478
155,2022-08-23,sh.000300,4175.5314,4187.3875,4147.4127,4161.0823,4181.3965,10315351200,239101330833.1000,-0.485823
156,2022-08-24,sh.000300,4168.5764,4174.1565,4079.0934,4082.4195,4161.0823,11906967900,262844309316.1000,-1.890441
157,2022-08-25,sh.000300,4093.2949,4119.6196,4058.7454,4116.2396,4082.4195,11132074500,242149581477.5000,0.828433
158,2022-08-26,sh.000300,4127.8142,4139.7879,4102.6818,4107.5455,4116.2396,9900049300,225519196800.4000,-0.211215
159,2022-08-29,sh.000300,4063.8825,4092.9474,4059.5963,4089.5205,4107.5455,9435443200,203086114712.3000,-0.438827
160,2022-08-30,sh.000300,4088.5262,4093.1356,4048.5244,4075.7937,4089.5205,9330166200,192649001277.8000,-0.335658
161,2022-08-31,sh.000300,4057.1443,4112.8485,4046.6225,4078.8402,4075.7937,13244976500,292974665546.2000,0.074746
162,2022-09-01,sh.000300,4066.1869,4090.8852,4041.1281,4043.7395,4078.8402,9738707100,210898503453.9000,-0.860556
163,2022-09-02,sh.000300,4054.8423,4056.1805,4004.9110,4023.6131,4043.7395,8678927800,184468327005.7000,-0.497718
164,2022-09-05,sh.000300,4010.4052,4016.9986,3982.7395,4015.4264,4023.6131,9376710900,201118696559.4000,-0.203466
165,2022-09-06,sh.000300,4024.4726,4054.0040,4009.5826,4052.2802,4015.4264,11350626500,235921838118.4000,0.917805
166,2022-09-07,sh.000300,4032.7231,4067.5437,4028.3740,4054.9830,4052.2802,10767805900,215147152182.0000,0.066698
167,2022-09-08,sh.000300,4059.1689,4067.7580,4036.0226,4037.6839,4054.9830,10088604900,186889047980.8000,-0.426613
168,2022-09-09,sh.000300,4050.5853,4099.0081,4042.2498,4093.7874,4037.6839,11842711400,221442547204.1000,1.389497
169,2022-09-13,sh.000300,4112.0123,4128.1113,4097.1408,4111.1145,4093.7874,11178973700,218521062135.8000,0.423254
170,2022-09-14,sh.000300,4058.0441,4089.0583,4047.9187,4065.3590,4111.1145,9079368100,185484965110.5000,-1.112971
171,2022-09-15,sh.000300,4078.6495,4088.8078,3998.8564,4027.1186,4065.3590,12395119600,254367492776.0000,-0.940640
172,2022-09-16,sh.000300,4013.5829,4019.4104,3932.6826,3932.6826,4027.1186,13719365500,241251840050.3000,-2.345002
173,2022-09-19,sh.000300,3928.4239,3953.6494,3910.3106,3928.0001,3932.6826,9771957500,183574440581.8000,-0.119066
174,2022-09-20,sh.000300,3945.6467,3957.5538,3921.6884,3932.8361,3928.0001,8482413400,179248153537.9000,0.123116
175,2022-09-21,sh.000300,3921.3177,3924.3914,3884.2268,3903.7348,3932.8361,8645839100,168939074342.6000,-0.739957
176,2022-09-22,sh.000300,3875.1771,3900.2736,3860.2308,3869.3440,3903.7348,8094691900,161134102784.4000,-0.880972
177,2022-09-23,sh.000300,3865.1049,3888.3958,3829.6913,3856.0212,3869.3440,9434246200,172904807364.4000,-0.344317
178,2022-09-26,sh.000300,3829.5958,3893.3186,3827.9498,3836.6773,3856.0212,10452603100,192906200253.8000,-0.501654
179,2022-09-27,sh.000300,3844.0692,3893.0283,3827.9265,3892.2950,3836.6773,8886016000,185955247353.4000,1.449632
180,2022-09-28,sh.000300,3879.4398,3879.4398,3828.0545,3828.7098,3892.2950,8659221300,172438042788.2000,-1.633617
181,2022-09-29,sh.000300,3864.3160,3873.1823,3808.6496,3827.1434,3828.7098,8565414200,171635940007.5000,-0.040912
182,2022-09-30,sh.000300,3833.3504,3848.6018,3801.2798,3804.8853,3827.1434,7855996600,158692748773.3000,-0.581585
183,2022-10-10,sh.000300,3806.5596,3807.4574,3715.7142,3720.9365,3804.8853,10264759500,194635904094.3000,-2.206342
184,2022-10-11,sh.000300,3732.0191,3739.8084,3706.0629,3727.6867,3720.9365,8394462500,166800394853.2000,0.181411
185,2022-10-12,sh.000300,3722.8659,3784.3064,3661.5255,3784.3064,3727.6867,10808931900,210931362291.5000,1.518896
186,2022-10-13,sh.000300,3756.4176,3783.5960,3749.6393,3752.6729,3784.3064,9901891500,198368891548.5000,-0.835913
187,2022-10-14,sh.000300,3783.3160,3863.2265,3780.8415,3842.4698,3752.6729,11624229300,256551271975.0000,2.392878
188,2022-10-17,sh.000300,3822.2428,3849.6207,3809.1196,3846.4119,3842.4698,10419201900,220488874406.8000,0.102593
189,2022-10-18,sh.000300,3865.8258,3870.2155,3831.1723,3838.2667,3846.4119,8834690700,186556295765.5000,-0.211761
190,2022-10-19,sh.000300,3827.4658,3840.4870,3776.5335,3776.5335,3838.2667,8157484400,186736408229.7000,-1.608361
191,2022-10-20,sh.000300,3746.5793,3804.2468,3726.7925,3754.9269,3776.5335,9029089500,203781618922.2000,-0.572128
192,2022-10-21,sh.000300,3753.8903,3768.6895,3724.6900,3742.8929,3754.9269,9875003800,180686357677.0000,-0.320486
193,2022-10-24,sh.000300,3727.9150,3762.1580,3619.9876,3633.3733,3742.8929,13005686400,259450743134.0000,-2.926068
194,2022-10-25,sh.000300,3621.9356,3670.7327,3594.7011,3627.4542,3633.3733,11095388200,219302759596.7000,-0.162909
195,2022-10-26,sh.000300,3633.3107,3700.8797,3633.3107,3656.9027,3627.4542,12130154800,242453810571.9000,0.811823
196,2022-10-27,sh.000300,3667.6645,3685.0837,3631.0639,3631.1448,3656.9027,11799867500,257473315676.0000,-0.704364
197,2022-10-28,sh.000300,3605.1598,3618.8640,3533.4993,3541.3295,3631.1448,11877216200,245816451977.6000,-2.473471
198,2022-10-31,sh.000300,3504.5070,3553.3871,3495.9509,3508.7034,3541.3295,13846565500,256574822102.2000,-0.921295
199,2022-11-01,sh.000300,3519.8174,3634.1732,3517.6209,3634.1732,3508.7034,14928669800,295089928407.3000,3.575959
200,2022-11-02,sh.000300,3620.3693,3703.4650,3610.8029,3677.8051,3634.1732,14159291900,291648245712.0000,1.200600
201,2022-11-03,sh.000300,3645.0604,3670.1574,3628.4987,3647.8966,3677.8051,11056603500,215379297964.4000,-0.813216
202,2022-11-04,sh.000300,3646.7709,3782.8823,3646.7709,3767.1746,3647.8966,14973494900,311145477555.0000,3.269775
203,2022-11-07,sh.000300,3754.5227,3792.7942,3746.3715,3775.2971,3767.1746,12982637100,251195699936.5000,0.215613
204,2022-11-08,sh.000300,3773.6612,3779.1156,3723.3415,3749.3251,3775.2971,9901645100,193351324896.7000,-0.687946
205,2022-11-09,sh.000300,3750.7821,3760.4068,3711.2680,3714.2704,3749.3251,8943452500,172029529943.6000,-0.934960
206,2022-11-10,sh.000300,3685.8274,3701.5306,3665.0585,3685.6885,3714.2704,10350930200,183155308702.9000,-0.769516
207,2022-11-11,sh.000300,3787.7568,3828.9004,3747.0902,3788.4387,3685.6885,18968558600,344471326267.1000,2.787816
208,2022-11-14,sh.000300,3818.1447,3848.4116,3781.7778,3794.0171,3788.4387,16966504800,315536856084.6000,0.147248
209,2022-11-15,sh.000300,3788.9260,3871.6424,3775.4988,3865.9726,3794.0171,15151565000,296268142768.9000,1.896552
210,2022-11-16,sh.000300,3860.8110,3877.6781,3829.3126,3834.3899,3865.9726,12061096400,235844588244.6000,-0.816941
211,2022-11-17,sh.000300,3821.2709,3821.7419,3776.5739,3818.6640,3834.3899,10594063200,219540811334.9000,-0.410128
212,2022-11-18,sh.000300,3823.8207,3840.3018,3801.5686,3801.5686,3818.6640,11507877700,224276131007.5000,-0.447680
213,2022-11-21,sh.000300,3769.6270,3769.8731,3733.9954,3769.1269,3801.5686,9586696600,188230373665.4000,-0.853377
214,2022-11-22,sh.000300,3766.0817,3809.8582,3751.0448,3769.5727,3769.1269,14448633400,203490828432.2000,0.011828
215,2022-11-23,sh.000300,3760.2157,3791.1782,3753.2136,3773.5287,3769.5727,14452791100,201070601177.9000,0.104946
216,2022-11-24,sh.000300,3791.5399,3804.8987,3751.3818,3756.8082,3773.5287,10107344700,160698921546.2000,-0.443100
217,2022-11-25,sh.000300,3751.2822,3790.5660,3743.4138,3775.7764,3756.8082,14292971100,191711040706.5000,0.504902
218,2022-11-28,sh.000300,3701.9020,3736.0813,3672.1306,3733.2424,3775.7764,12782574800,196305561705.9000,-1.126497
219,2022-11-29,sh.000300,3766.5702,3854.7742,3766.5702,3848.4224,3733.2424,17870139200,289062336430.7000,3.085254
220,2022-11-30,sh.000300,3836.5598,3867.6591,3833.8272,3853.0365,3848.4224,15751140000,250051468093.3000,0.119896
221,2022-12-01,sh.000300,3921.2954,3944.5645,3893.8718,3894.7687,3853.0365,16996458500,306678195716.4000,1.083099
222,2022-12-02,sh.000300,3886.4034,3898.1146,3865.8844,3870.9478,3894.7687,11678635000,201253166362.9000,-0.611613
223,2022-12-05,sh.000300,3907.6375,3947.4760,3900.6742,3946.8759,3870.9478,20174722100,296615512326.6000,1.961486
224,2022-12-06,sh.000300,3929.0063,3988.9007,3922.9969,3968.1979,3946.8759,15510832300,275583430840.8000,0.540225
225,2022-12-07,sh.000300,3956.6722,3999.5864,3944.1831,3958.4409,3968.1979,14300135600,255490829027.1000,-0.245880
226,2022-12-08,sh.000300,3953.1990,3971.4927,3941.2966,3959.1798,3958.4409,11519998600,198037690481.4000,0.018666
227,2022-12-09,sh.000300,3961.9919,4003.3178,3944.4396,3998.2442,3959.1798,15377495400,268166789656.9000,0.986679
228,2022-12-12,sh.000300,3976.1722,3983.4332,3950.3203,3953.4433,3998.2442,12593536800,227606300936.9000,-1.120514
229,2022-12-13,sh.000300,3953.5482,3964.3957,3939.9795,3945.6813,3953.4433,10099410000,184020700110.0000,-0.196335
230,2022-12-14,sh.000300,3952.7885,3972.7381,3935.7668,3954.8857,3945.6813,9852800600,196175108617.2000,0.233278
231,2022-12-15,sh.000300,3954.6720,3963.5002,3926.4997,3951.9885,3954.8857,8886472500,181994889123.4000,-0.073256
232,2022-12-16,sh.000300,3931.2318,3960.4705,3929.4873,3954.2270,3951.9885,9317856700,167488442588.9000,0.056642
233,2022-12-19,sh.000300,3952.7707,3966.5679,3878.4367,3893.2207,3954.2270,10691907500,180801387702.4000,-1.542812
234,2022-12-20,sh.000300,3881.2257,3881.2729,3811.4759,3829.0173,3893.2207,8309682200,164046440873.7000,-1.649108
235,2022-12-21,sh.000300,3839.0009,3853.7272,3821.4037,3830.5384,3829.0173,6483921500,123450040359.8000,0.039726
236,2022-12-22,sh.000300,3859.2041,3882.1263,3821.3418,3836.0280,3830.5384,8370517300,163970306950.9000,0.143311
237,2022-12-23,sh.000300,3811.6164,3848.3436,3805.9487,3828.2188,3836.0280,6527814800,130559415565.7000,-0.203575
238,2022-12-26,sh.000300,3830.5682,3856.8066,3827.5186,3843.4887,3828.2188,7300571200,148692832422.1000,0.398877
239,2022-12-27,sh.000300,3860.9054,3891.8497,3856.5800,3887.8540,3843.4887,7751535000,152032206630.9000,1.154298
240,2022-12-28,sh.000300,3874.9132,3884.7205,3854.9406,3871.2644,3887.8540,8442465600,160671122030.7000,-0.426703
241,2022-12-29,sh.000300,3854.2363,3868.2933,3838.4803,3856.7007,3871.2644,7939481500,149011372437.3000,-0.376200
242,2022-12-30,sh.000300,3873.9358,3887.5527,3868.7569,3871.6338,3856.7007,7877327200,148295049381.5000,0.387199
243,2023-01-03,sh.000300,3864.8356,3893.9904,3831.2450,3887.8992,3871.6338,11505187500,207540165953.2000,0.420117
244,2023-01-04,sh.000300,3886.2504,3905.9032,3873.6549,3892.9477,3887.8992,11066074300,198997711686.0000,0.129852
245,2023-01-05,sh.000300,3913.4928,3974.8750,3912.2600,3968.5782,3892.9477,11650239500,256312608292.0000,1.942757
246,2023-01-06,sh.000300,3969.5493,4000.4143,3966.4696,3980.8888,3968.5782,11095303800,235744305582.2000,0.310202
247,2023-01-09,sh.000300,3998.5278,4023.0898,3990.7073,4013.1196,3980.8888,11705442500,233212426458.1000,0.809638
248,2023-01-10,sh.000300,4014.7125,4030.4574,4002.2297,4017.4737,4013.1196,10175114100,214871166239.5000,0.108497
249,2023-01-11,sh.000300,4019.8844,4043.3991,4008.0153,4010.0309,4017.4737,9999788900,203000262960.6000,-0.185261
250,2023-01-12,sh.000300,4021.7547,4030.2876,4003.5079,4017.8692,4010.0309,9055262700,183686268106.8000,0.195467
251,2023-01-13,sh.000300,4032.2906,4074.3772,4027.8864,4074.3772,4017.8692,9587189600,212173997498.4000,1.406417
252,2023-01-16,sh.000300,4077.8793,4177.1035,4076.6394,4137.9643,4074.3772,15139545500,319007749371.3000,1.560658
253,2023-01-17,sh.000300,4138.8433,4148.5838,4118.1570,4137.2422,4137.9643,9547904000,204381576523.4000,-0.017451
254,2023-01-18,sh.000300,4140.1019,4151.4577,4125.7687,4130.3143,4137.2422,8420064500,172126171819.2000,-0.167452
255,2023-01-19,sh.000300,4125.5772,4156.0077,4105.9797,4156.0077,4130.3143,9460839800,192699589774.1000,0.622069
256,2023-01-20,sh.000300,4166.8444,4189.8310,4161.6698,4181.5267,4156.0077,12355380900,222342455100.7000,0.614027
257,2023-01-30,sh.000300,4267.6248,4268.1522,4197.8596,4201.3450,4181.5267,16460706400,330193322092.2000,0.473949
258,2023-01-31,sh.000300,4200.5813,4212.7347,4153.0484,4156.8578,4201.3450,12455083500,249365321627.1000,-1.058880
259,2023-02-01,sh.000300,4170.1322,4195.9332,4137.7659,4195.9332,4156.8578,14100895400,265553944709.3000,0.940023
260,2023-02-02,sh.000300,4207.4123,4207.4123,4170.5565,4181.1493,4195.9332,13382373600,262497434837.0000,-0.352339
261,2023-02-03,sh.000300,4162.0258,4162.0258,4103.1654,4141.6319,4181.1493,11704122100,226914770043.9000,-0.945132
262,2023-02-06,sh.000300,4103.8307,4105.9445,4065.2224,4086.8779,4141.6319,11019271700,226345113968.7000,-1.322039
263,2023-02-07,sh.000300,4098.3117,4107.3438,4077.9623,4094.2335,4086.8779,9136007200,183537351577.1000,0.179981
264,2023-02-08,sh.000300,4099.8573,4111.4745,4072.6474,4076.1411,4094.2335,8478609900,170591751817.3000,-0.441900
265,2023-02-09,sh.000300,4067.5631,4130.8565,4064.7489,4130.8565,4076.1411,10228996100,211722604859.2000,1.342333
266,2023-02-10,sh.000300,4124.0986,4125.2893,4092.3472,4106.3097,4130.8565,9671673300,195348320573.4000,-0.594230
267,2023-02-13,sh.000300,4098.8795,4146.4500,4092.2729,4143.5740,4106.3097,12889257700,251990181553.9000,0.907489
268,2023-02-14,sh.000300,4151.2470,4152.0487,4125.2583,4145.2902,4143.5740,10249989000,204915435749.9000,0.041418
269,2023-02-15,sh.000300,4146.8547,4153.7159,4115.9671,4123.6893,4145.2902,12166450800,219855528966.4000,-0.521095
270,2023-02-16,sh.000300,4125.4087,4167.9003,4068.8591,4093.4876,4123.6893,15931058500,281315625588.6000,-0.732395
271,2023-02-17,sh.000300,4086.2237,4104.6398,4032.9285,4034.5070,4093.4876,11614258900,225737746955.0000,-1.440840
272,2023-02-20,sh.000300,4039.9623,4134.8623,4035.4762,4133.4896,4034.5070,16179448100,280122962150.4000,2.453400
273,2023-02-21,sh.000300,4130.0632,4151.7994,4116.2716,4144.3536,4133.4896,14577617300,249674201048.2000,0.262829
274,2023-02-22,sh.000300,4118.9669,4134.8759,4101.8596,4106.9506,4144.3536,10429029500,191586158991.2000,-0.902505
275,2023-02-23,sh.000300,4106.2136,4132.3896,4088.2073,4103.6463,4106.9506,10356490600,197193582430.1000,-0.080456
276,2023-02-24,sh.000300,4100.9897,4102.6094,4048.2374,4061.0457,4103.6463,10098942500,191210465053.2000,-1.038116
277,2023-02-27,sh.000300,4040.4571,4067.0296,4034.5237,4043.8444,4061.0457,9378763000,187959491145.3000,-0.423568
278,2023-02-28,sh.000300,4058.1298,4074.2639,4026.4476,4069.4587,4043.8444,11032359100,198799712379.1000,0.633415
279,2023-03-01,sh.000300,4068.7331,4135.4812,4061.2167,4126.9415,4069.4587,15601579400,255374791015.7000,1.412542
280,2023-03-02,sh.000300,4119.9919,4137.2525,4113.8264,4117.7377,4126.9415,14821763700,235953764969.5000,-0.223017
281,2023-03-03,sh.000300,4126.0183,4135.2116,4100.3827,4130.5513,4117.7377,16033174100,226914545628.4000,0.311181
282,2023-03-06,sh.000300,4131.1525,4132.8367,4088.4484,4109.0102,4130.5513,16297180700,283079861971.5000,-0.521507
283,2023-03-07,sh.000300,4103.6419,4124.9609,4046.5679,4048.8519,4109.0102,19591206800,272491994009.2000,-1.464058
284,2023-03-08,sh.000300,4030.7387,4037.2870,4011.5231,4034.1077,4048.8519,11793649300,191659655190.9000,-0.364158
285,2023-03-09,sh.000300,4035.8433,4043.8493,4000.8901,4019.8505,4034.1077,11653962900,201737990686.8000,-0.353416
286,2023-03-10,sh.000300,3991.7959,4004.3612,3966.4280,3967.1352,4019.8505,12385540900,218286956131.0000,-1.311375
287,2023-03-13,sh.000300,3962.6426,4008.6860,3962.6426,4008.6860,3967.1352,14356137000,242865516757.6000,1.047375
288,2023-03-14,sh.000300,3999.8803,4001.9415,3946.9405,3984.6956,4008.6860,15054417400,267224848810.5000,-0.598460
289,2023-03-15,sh.000300,4011.8444,4018.7495,3986.9020,3986.9020,3984.6956,14202600700,232101093978.6000,0.055372
290,2023-03-16,sh.000300,3958.1962,3981.3210,3936.4758,3939.1505,3986.9020,15251564400,246264286428.0000,-1.197709
291,2023-03-17,sh.000300,3971.1585,4004.2153,3945.2501,3958.8194,3939.1505,17743381800,305541015556.1000,0.499318
292,2023-03-20,sh.000300,3962.6625,3979.5485,3935.0161,3939.0770,3958.8194,20526497000,319760032638.0000,-0.498694
293,2023-03-21,sh.000300,3948.1573,3982.7047,3948.1573,3982.3782,3939.0770,14509067900,251631985016.9000,1.099273
294,2023-03-22,sh.000300,3993.7849,4016.4495,3986.7093,3999.4427,3982.3782,14922897000,265180992104.1000,0.428500
295,2023-03-23,sh.000300,3985.9928,4039.0895,3983.9986,4039.0895,3999.4427,15888742100,296479529467.0000,0.991308
296,2023-03-24,sh.000300,4035.1564,4037.8417,4017.0028,4027.0457,4039.0895,15944233000,295785588943.1000,-0.298181
297,2023-03-27,sh.000300,4023.3028,4023.3028,3987.0297,4012.4771,4027.0457,16848227900,315474696948.0000,-0.361769
298,2023-03-28,sh.000300,4015.6973,4023.7834,3994.5999,3999.5147,4012.4771,13189511700,248736920971.8000,-0.323052
299,2023-03-29,sh.000300,4013.5926,4017.7572,3992.6662,4006.1440,3999.5147,13374351000,263866922733.1000,0.165753
300,2023-03-30,sh.000300,4009.5573,4040.5023,3983.8958,4038.5257,4006.1440,14990103700,280004715991.0000,0.808301
301,2023-03-31,sh.000300,4045.4538,4063.5675,4039.9587,4050.9257,4038.5257,13884254600,279863685781.0000,0.307043
302,2023-04-03,sh.000300,4059.6227,4094.9376,4059.0607,4090.5676,4050.9257,18212431300,382895558426.0000,0.978589
303,2023-04-04,sh.000300,4089.2932,4103.1583,4080.0682,4103.1052,4090.5676,19714663100,394443175146.2000,0.306500
304,2023-04-06,sh.000300,4084.1320,4098.8332,4078.4048,4096.6400,4103.1052,15070337400,328981851588.3000,-0.157568
305,2023-04-07,sh.000300,4096.9009,4131.3126,4092.1848,4123.2799,4096.6400,12867673800,286567771883.1000,0.650287
306,2023-04-10,sh.000300,4132.0096,4132.2952,4099.0519,4104.8118,4123.2799,15245300200,340822557207.6000,-0.447898
307,2023-04-11,sh.000300,4108.5062,4116.1247,4083.4946,4100.1479,4104.8118,15390133300,324192951998.7000,-0.113620
308,2023-04-12,sh.000300,4102.3968,4108.2451,4090.2784,4097.2876,4100.1479,16596527800,325425226403.2000,-0.069761
309,2023-04-13,sh.000300,4081.3871,4088.8809,4059.5744,4068.9786,4097.2876,15644429500,300291020752.9000,-0.690921
310,2023-04-14,sh.000300,4078.9703,4098.2151,4075.2049,4091.9988,4068.9786,15069568200,306201501438.7000,0.565749
311,2023-04-17,sh.000300,4090.0719,4149.3836,4089.5090,4149.3836,4091.9988,18877309500,341831272792.7000,1.402366
312,2023-04-18,sh.000300,4139.3088,4169.6678,4138.4618,4162.0320,4149.3836,17018413000,331545662315.6000,0.304826
313,2023-04-19,sh.000300,4159.3938,4159.3938,4118.6261,4124.5589,4162.0320,16255459200,312219504522.6000,-0.900356
314,2023-04-20,sh.000300,4122.9461,4125.8231,4094.0022,4113.0192,4124.5589,16270667700,332172409512.0000,-0.279780
315,2023-04-21,sh.000300,4114.2642,4114.2642,4031.9123,4032.5672,4113.0192,18080243500,347852011602.5000,-1.956033
316,2023-04-24,sh.000300,4031.3030,4033.6367,3967.9070,3982.6429,4032.5672,17009921700,328375614674.3000,-1.238028
317,2023-04-25,sh.000300,3985.1055,3991.6868,3925.4360,3962.6658,3982.6429,17255540900,331110619767.7000,-0.501604
318,2023-04-26,sh.000300,3950.2553,3975.6562,3934.6625,3959.2323,3962.6658,16270200600,322062811333.5000,-0.086646
319,2023-04-27,sh.000300,3948.0313,3999.1302,3942.8152,3988.4185,3959.2323,15382819500,304804002557.4000,0.737168
320,2023-04-28,sh.000300,3993.2561,4030.4469,3993.2561,4029.0858,3988.4185,17950848800,328936294025.2000,1.019635
321,2023-05-04,sh.000300,4013.4713,4035.7832,4001.1259,4030.2471,4029.0858,22758284600,345492506049.3000,0.028823
322,2023-05-05,sh.000300,4031.0946,4047.6015,3998.3920,4016.8774,4030.2471,20662692400,307694489937.0000,-0.331734
323,2023-05-08,sh.000300,4028.1056,4070.7724,4018.9608,4062.6624,4016.8774,25558308500,359539954170.1000,1.139816
324,2023-05-09,sh.000300,4065.4390,4092.8501,4026.3886,4027.8754,4062.6624,27930604800,396422120420.6000,-0.856261
325,2023-05-10,sh.000300,4017.9358,4019.0587,3984.6287,3996.8695,4027.8754,20755270900,309484851741.1000,-0.769783
326,2023-05-11,sh.000300,4005.7823,4018.0579,3988.4816,3990.6637,3996.8695,14480461900,241052071431.6000,-0.155267
327,2023-05-12,sh.000300,3987.7690,3999.3831,3937.5274,3937.7622,3990.6637,14442172800,228992923388.1000,-1.325632
328,2023-05-15,sh.000300,3938.8300,3998.8872,3923.0317,3998.8872,3937.7622,17625736200,279531163508.4000,1.552278
329,2023-05-16,sh.000300,4002.5237,4005.0150,3966.9921,3978.2054,3998.8872,13683327100,234840652671.0000,-0.517189
330,2023-05-17,sh.000300,3971.7017,3982.6044,3945.7137,3960.1650,3978.2054,11844818500,205195685976.4000,-0.453481
331,2023-05-18,sh.000300,3965.5162,3982.7178,3939.5526,3956.0701,3960.1650,13653394700,229134184412.9000,-0.103402
332,2023-05-19,sh.000300,3946.2215,3967.2816,3928.3160,3944.5403,3956.0701,12021247900,207094944781.3000,-0.291446
333,2023-05-22,sh.000300,3941.0015,3985.4031,3935.8015,3969.3277,3944.5403,10911660500,202185550245.9000,0.628398
334,2023-05-23,sh.000300,3968.2346,3971.9390,3913.1882,3913.1882,3969.3277,11868507700,189955815340.0000,-1.414333
335,2023-05-24,sh.000300,3903.7818,3903.7818,3859.0935,3859.0935,3913.1882,13725826500,211768410520.2000,-1.382369
336,2023-05-25,sh.000300,3851.4053,3861.3815,3817.8365,3850.4996,3859.0935,12415077000,213313620055.3000,-0.222692
337,2023-05-26,sh.000300,3848.4174,3859.6291,3815.5701,3850.9511,3850.4996,10032643900,191537814872.5000,0.011726
338,2023-05-29,sh.000300,3862.0838,3866.7238,3819.1822,3833.9416,3850.9511,13185996700,230095604813.4000,-0.441696
339,2023-05-30,sh.000300,3827.7924,3844.0052,3789.2736,3837.7531,3833.9416,13761962900,244566265534.9000,0.099415
340,2023-05-31,sh.000300,3827.1634,3827.1634,3781.4034,3798.5434,3837.7531,12638736800,235606123947.6000,-1.021684
341,2023-06-01,sh.000300,3788.5902,3832.2051,3786.7344,3806.8679,3798.5434,13456188100,241829546409.4000,0.219150
342,2023-06-02,sh.000300,3821.6198,3865.2843,3821.6198,3861.8337,3806.8679,12501511000,232696547130.8000,1.443859
343,2023-06-05,sh.000300,3860.5557,3860.5557,3832.4578,3844.2492,3861.8337,11616398900,211144360143.7000,-0.455341
344,2023-06-06,sh.000300,3840.4587,3867.8452,3802.8449,3808.1629,3844.2492,12578125800,222091722592.2000,-0.938709
345,2023-06-07,sh.000300,3815.4823,3823.1124,3780.1021,3789.3418,3808.1629,9886243200,189879792179.6000,-0.494230
346,2023-06-08,sh.000300,3791.0826,3834.3888,3777.7752,3820.1867,3789.3418,11870093400,199119300649.7000,0.813991
347,2023-06-09,sh.000300,3822.4088,3836.7026,3811.2189,3836.7026,3820.1867,13431986300,247296087070.9000,0.432332
348,2023-06-12,sh.000300,3827.3253,3859.7156,3813.8577,3844.4324,3836.7026,12675854300,240791270473.5000,0.201470
349,2023-06-13,sh.000300,3838.1287,3867.3034,3833.4598,3864.9074,3844.4324,11092494600,225435215314.9000,0.532588
350,2023-06-14,sh.000300,3872.7155,3891.6656,3862.0609,3864.0247,3864.9074,12495575900,243932581183.9000,-0.022839
351,2023-06-15,sh.000300,3871.7746,3925.4994,3871.7746,3925.4994,3864.0247,12836993800,282635910894.2000,1.590950
352,2023-06-16,sh.000300,3932.2114,3968.0128,3928.5419,3963.3509,3925.4994,13976007600,280374762837.8000,0.964247
353,2023-06-19,sh.000300,3957.0327,3957.0327,3922.4742,3930.9079,3963.3509,13490584800,268213068579.8000,-0.818575
354,2023-06-20,sh.000300,3926.0940,3937.4945,3918.4730,3924.2377,3930.9079,12252031800,266274081286.8000,-0.169686
355,2023-06-21,sh.000300,3909.1044,3920.1276,3864.0323,3864.0323,3924.2377,11834657500,243630705591.5000,-1.534194
356,2023-06-26,sh.000300,3833.4436,3841.2862,3801.0537,3809.6962,3864.0323,13399041900,247713845779.5000,-1.406202
357,2023-06-27,sh.000300,3811.6872,3851.8957,3806.3242,3845.4334,3809.6962,11699268100,210097713687.6000,0.938059
358,2023-06-28,sh.000300,3836.6086,3846.8516,3808.1607,3840.7986,3845.4334,10702154100,206187959876.8000,-0.120527
359,2023-06-29,sh.000300,3836.7305,3840.7132,3817.3759,3821.8435,3840.7986,9828927400,204110031407.8000,-0.493520
360,2023-06-30,sh.000300,3816.3345,3860.0311,3813.5520,3842.4516,3821.8435,10126842900,208146272909.0000,0.539219
361,2023-07-03,sh.000300,3853.2919,3897.3273,3853.2919,3892.8821,3842.4516,13315805100,256876520211.7000,1.312456
362,2023-07-04,sh.000300,3888.0328,3899.9755,3878.3978,3899.0133,3892.8821,10949452700,216335611421.8000,0.157498
363,2023-07-05,sh.000300,3895.1945,3899.5188,3864.1301,3868.8054,3899.0133,9763638400,188400265050.6000,-0.774758
364,2023-07-06,sh.000300,3857.0304,3876.8901,3836.4573,3842.7547,3868.8054,10012184200,184742420862.3000,-0.673353
365,2023-07-07,sh.000300,3831.5955,3844.8438,3819.0772,3825.6988,3842.7547,10090692000,173918560673.0000,-0.443846
366,2023-07-10,sh.000300,3841.5591,3865.4566,3831.9200,3844.3269,3825.6988,9203344100,185360813110.7000,0.486920
367,2023-07-11,sh.000300,3853.7955,3870.6549,3844.5244,3869.4861,3844.3269,8651071600,177585694368.3000,0.654450
368,2023-07-12,sh.000300,3864.6013,3874.0403,3838.5632,3843.4369,3869.4861,11152202400,214046519056.1000,-0.673195
369,2023-07-13,sh.000300,3855.6620,3901.1023,3855.6620,3898.4229,3843.4369,12030023200,235278706834.5000,1.430647
370,2023-07-14,sh.000300,3904.6033,3908.4871,3893.7862,3899.1027,3898.4229,12236484600,220230466522.9000,0.017438
371,2023-07-17,sh.000300,3881.6225,3881.6225,3852.2626,3867.1749,3899.1027,9834014400,174623552807.4000,-0.818850
372,2023-07-18,sh.000300,3871.0444,3871.0444,3844.5129,3854.9393,3867.1749,9143861500,167104315117.1000,-0.316396
373,2023-07-19,sh.000300,3848.4826,3860.0092,3830.4073,3850.8663,3854.9393,7958570000,151311481029.8000,-0.105657
374,2023-07-20,sh.000300,3857.7725,3875.6241,3818.7134,3823.6946,3850.8663,9204207600,174320872139.8000,-0.705600
375,2023-07-21,sh.000300,3816.9835,3849.5109,3808.8030,3821.9100,3823.6946,7950756300,157144211209.3000,-0.046672
376,2023-07-24,sh.000300,3803.3492,3828.7853,3798.8048,3805.2210,3821.9100,7548354500,151448369566.2000,-0.436666
377,2023-07-25,sh.000300,3866.6445,3915.8148,3866.6445,3915.1153,3805.2210,16306632000,299853562168.1000,2.887987
378,2023-07-26,sh.000300,3908.1740,3912.9834,3893.3987,3907.0128,3915.1153,10788171700,192912604792.0000,-0.206954
379,2023-07-27,sh.000300,3914.2298,3935.3578,3894.6923,3902.3458,3907.0128,11066710900,196845425513.0000,-0.119452
380,2023-07-28,sh.000300,3889.7929,4000.9190,3886.5535,3992.7376,3902.3458,17973548100,310092467404.5000,2.316345
381,2023-07-31,sh.000300,4018.8895,4064.3621,4002.0784,4014.6301,3992.7376,19960683000,366544120003.6000,0.548308
382,2023-08-01,sh.000300,4009.1831,4031.7008,3983.0273,3998.0010,4014.6301,14228685900,255620773637.6000,-0.414213
383,2023-08-02,sh.000300,3985.6951,4008.3343,3958.5127,3969.8950,3998.0010,12585569000,204875690923.8000,-0.703001
384,2023-08-03,sh.000300,3962.1296,4004.9996,3962.1296,4004.9839,3969.8950,12900664000,224809824820.3000,0.883875
385,2023-08-04,sh.000300,4033.7239,4058.2431,4011.6202,4020.5792,4004.9839,17826718900,316529733837.7000,0.389397
386,2023-08-07,sh.000300,4002.9677,4002.9677,3977.0173,3990.1531,4020.5792,12131066200,227090572750.9000,-0.756759
387,2023-08-08,sh.000300,3980.0423,4002.2904,3963.4632,3979.7322,3990.1531,10987169900,202611335313.8000,-0.261165
388,2023-08-09,sh.000300,3967.3566,3982.1091,3961.8434,3967.5652,3979.7322,9464026900,174394242765.3000,-0.305724
389,2023-08-10,sh.000300,3962.8569,3976.4637,3945.3869,3975.7166,3967.5652,9717684900,175646730198.2000,0.205451
390,2023-08-11,sh.000300,3977.9834,3977.9834,3884.2538,3884.2538,3975.7166,12608293100,203546314647.4000,-2.300536
391,2023-08-14,sh.000300,3840.8872,3859.4718,3814.0711,3855.9061,3884.2538,11596633600,197623765246.4000,-0.729811
392,2023-08-15,sh.000300,3858.3662,3865.2840,3811.6839,3846.5357,3855.9061,10309711100,177437071692.5000,-0.243014
393,2023-08-16,sh.000300,3830.8274,3852.4198,3817.6324,3818.3338,3846.5357,9461694600,169323869027.6000,-0.733177
394,2023-08-17,sh.000300,3801.1969,3836.1507,3782.4967,3831.1008,3818.3338,9841549300,174093848242.9000,0.334361
395,2023-08-18,sh.000300,3832.4554,3844.1950,3784.0038,3784.0038,3831.1008,9554963800,168445686988.2000,-1.229333
396,2023-08-21,sh.000300,3773.2250,3782.1112,3729.5550,3729.5550,3784.0038,9870836900,173379942906.6000,-1.438920
397,2023-08-22,sh.000300,3748.0675,3770.0556,3704.6785,3758.2271,3729.5550,12031832700,203463879671.8000,0.768781
398,2023-08-23,sh.000300,3751.7736,3756.1659,3695.0309,3696.6339,3758.2271,9708163800,160476231586.9000,-1.638890
399,2023-08-24,sh.000300,3711.5403,3748.8567,3701.5717,3723.4293,3696.6339,11961452100,196257391083.7000,0.724859
400,2023-08-25,sh.000300,3703.5136,3734.2185,3695.8442,3709.1517,3723.4293,10518261000,175601437172.9000,-0.383453
401,2023-08-28,sh.000300,3911.5485,3911.5485,3740.5279,3752.6194,3709.1517,19799037900,335047670966.8000,1.171904
402,2023-08-29,sh.000300,3743.0534,3810.3772,3742.0758,3790.1067,3752.6194,15248614600,262134936751.0000,0.998964
403,2023-08-30,sh.000300,3803.1191,3813.7032,3780.2411,3788.5097,3790.1067,12967166100,226727480838.7000,-0.042136
404,2023-08-31,sh.000300,3786.9261,3793.9972,3762.0046,3765.2678,3788.5097,11896164600,193577001342.0000,-0.613484
405,2023-09-01,sh.000300,3778.9129,3808.5306,3778.9129,3791.4912,3765.2678,10531904500,172219141586.1000,0.696455
406,2023-09-04,sh.000300,3812.9873,3854.2605,3804.5886,3848.9517,3791.4912,14238520100,237934727924.3000,1.515512
407,2023-09-05,sh.000300,3839.5779,3839.5779,3814.3338,3820.3174,3848.9517,10405233300,181377877955.3000,-0.743951
408,2023-09-06,sh.000300,3808.1000,3817.5239,3790.8949,3812.0283,3820.3174,9344239300,166081524007.0000,-0.216974
409,2023-09-07,sh.000300,3802.2272,3802.2272,3756.8530,3758.4748,3812.0283,9510390300,164405748827.5000,-1.404856
410,2023-09-08,sh.000300,3747.6509,3753.2630,3724.9870,3739.9927,3758.4748,7163816600,129197657303.1000,-0.491745
411,2023-09-11,sh.000300,3740.5846,3788.3219,3734.7228,3767.5370,3739.9927,10535801600,186871759441.3000,0.736480
412,2023-09-12,sh.000300,3764.3331,3775.0930,3755.4162,3760.6048,3767.5370,7938537800,140117510233.3000,-0.183998
413,2023-09-13,sh.000300,3759.6091,3768.8162,3719.1114,3736.6513,3760.6048,8157690100,138238089912.5000,-0.636959
414,2023-09-14,sh.000300,3736.9355,3748.8177,3717.3107,3733.5077,3736.6513,10038607500,151578100463.9000,-0.084129
415,2023-09-15,sh.000300,3740.7853,3749.0247,3699.3806,3708.7766,3733.5077,10939568900,180398970938.3000,-0.662409
416,2023-09-18,sh.000300,3698.9344,3737.5306,3691.1107,3727.7110,3708.7766,8672774100,156966973910.5000,0.510530
417,2023-09-19,sh.000300,3723.4244,3724.0717,3702.6934,3720.5021,3727.7110,8319903800,135216895229.4000,-0.193387
418,2023-09-20,sh.000300,3715.9578,3718.5207,3705.1274,3705.6898,3720.5021,7544820900,117691805957.0000,-0.398126
419,2023-09-21,sh.000300,3698.3130,3708.4557,3672.4448,3672.4448,3705.6898,8303100500,135011796555.2000,-0.897134
420,2023-09-22,sh.000300,3672.6402,3740.4183,3664.7661,3738.9327,3672.4448,11023116600,192236467362.8000,1.810453
421,2023-09-25,sh.000300,3738.0622,3738.0622,3711.2049,3714.6037,3738.9327,9259647900,155793827361.5000,-0.650694
422,2023-09-26,sh.000300,3711.7106,3723.8481,3692.6172,3692.8928,3714.6037,7804452500,137808437774.8000,-0.584474
423,2023-09-27,sh.000300,3694.9607,3731.1405,3694.3938,3700.4950,3692.8928,9162921000,164790435265.8000,0.205860
424,2023-09-28,sh.000300,3711.2117,3716.0569,3685.3001,3689.5172,3700.4950,8522171900,153500421344.0000,-0.296658
425,2023-10-09,sh.000300,3678.9290,3694.1713,3641.9966,3684.7272,3689.5172,10214805800,178072374748.1000,-0.129827
426,2023-10-10,sh.000300,3696.2542,3701.2562,3655.5890,3657.1259,3684.7272,9916373000,161938958924.8000,-0.749073
427,2023-10-11,sh.000300,3674.7514,3689.5347,3658.3550,3667.5483,3657.1259,10209158700,187667554127.0000,0.284989
428,2023-10-12,sh.000300,3697.9337,3711.4985,3682.8418,3702.3824,3667.5483,11436322500,194598219817.3000,0.949793
429,2023-10-13,sh.000300,3677.9585,3678.1913,3652.3094,3663.4104,3702.3824,9828798700,170152309003.0000,-1.052620
430,2023-10-16,sh.000300,3664.0390,3664.0390,3615.7686,3626.5972,3663.4104,9185311800,159537973598.4000,-1.004889
431,2023-10-17,sh.000300,3635.2994,3645.5654,3619.1277,3639.4018,3626.5972,9074518800,147056233347.4000,0.353075
432,2023-10-18,sh.000300,3631.0671,3632.0579,3608.9768,3610.5767,3639.4018,9454587900,158982356667.4000,-0.792029
433,2023-10-19,sh.000300,3588.5154,3588.5154,3532.3059,3533.5445,3610.5767,11173752000,189194781843.9000,-2.133515
434,2023-10-20,sh.000300,3518.3464,3535.6623,3501.7250,3510.5889,3533.5445,9851860500,169591289145.3000,-0.649648
435,2023-10-23,sh.000300,3500.1990,3505.3468,3450.6456,3474.2438,3510.5889,9656165200,152054894179.0000,-1.035299
436,2023-10-24,sh.000300,3481.7644,3495.0039,3453.1016,3487.1302,3474.2438,11554728900,186529203442.0000,0.370912
437,2023-10-25,sh.000300,3524.2965,3531.8314,3500.9154,3504.4576,3487.1302,12800961700,203691741119.2000,0.496896
438,2023-10-26,sh.000300,3484.7807,3515.5716,3478.0503,3514.1448,3504.4576,10514356600,176088467225.8000,0.276425
439,2023-10-27,sh.000300,3501.1710,3576.5861,3494.5488,3562.3851,3514.1448,12022510800,224301960437.0000,1.372747
440,2023-10-30,sh.000300,3554.1055,3592.7188,3554.0238,3583.7718,3562.3851,14401042600,242973328094.4000,0.600348
441,2023-10-31,sh.000300,3581.6759,3581.6759,3554.5822,3572.5056,3583.7718,11258726700,196317658324.1000,-0.314367
442,2023-11-01,sh.000300,3605.7576,3606.4126,3564.6421,3571.0268,3572.5056,9764553800,182943566435.3000,-0.041394
443,2023-11-02,sh.000300,3580.0672,3597.1699,3553.7406,3554.1889,3571.0268,9035964300,149465055433.9000,-0.471514
444,2023-11-03,sh.000300,3558.5303,3596.1010,3558.5303,3584.1364,3554.1889,9754210100,165865989200.0000,0.842597
445,2023-11-06,sh.000300,3608.3187,3635.7897,3600.6304,3632.6084,3584.1364,15298246300,254465948110.4000,1.352404
446,2023-11-07,sh.000300,3623.7849,3628.4615,3606.2975,3619.7593,3632.6084,11028859100,190433605311.0000,-0.353716
447,2023-11-08,sh.000300,3610.6434,3627.0479,3591.8248,3611.0723,3619.7593,11059423000,192594372352.5000,-0.239988
448,2023-11-09,sh.000300,3603.1082,3624.4141,3601.3744,3612.8263,3611.0723,11187205700,189355228591.7000,0.048573
449,2023-11-10,sh.000300,3596.0688,3599.4519,3576.1011,3586.4893,3612.8263,10210703400,166924677328.0000,-0.728986
450,2023-11-13,sh.000300,3593.9109,3599.3897,3562.7682,3579.4141,3586.4893,9670764900,164821249625.0000,-0.197274
451,2023-11-14,sh.000300,3581.1034,3600.1483,3568.8820,3582.0584,3579.4141,10088415800,165935163426.0000,0.073875
452,2023-11-15,sh.000300,3616.8765,3620.6007,3596.9158,3607.2454,3582.0584,10492921800,188932150501.0000,0.703143
453,2023-11-16,sh.000300,3600.9813,3605.2898,3572.3636,3572.3641,3607.2454,8746478000,146629217157.8000,-0.966979
454,2023-11-17,sh.000300,3561.3112,3573.6819,3547.0287,3568.0685,3572.3641,8731920700,139621898705.2000,-0.120245
455,2023-11-20,sh.000300,3569.7314,3586.9731,3545.1038,3576.3233,3568.0685,9108044500,157449634694.0000,0.231352
456,2023-11-21,sh.000300,3587.8779,3615.0569,3575.6820,3581.0674,3576.3233,10859431400,175922105929.9000,0.132653
457,2023-11-22,sh.000300,3569.4389,3574.3782,3544.4162,3544.4162,3581.0674,8478438100,136041195538.9000,-1.023471
458,2023-11-23,sh.000300,3541.4416,3562.0675,3529.9390,3561.5204,3544.4162,8480016700,141499811491.0000,0.482567
459,2023-11-24,sh.000300,3560.6462,3560.6462,3533.9955,3538.0087,3561.5204,8501840300,140101998555.3000,-0.660159
460,2023-11-27,sh.000300,3534.4445,3534.4445,3492.8623,3511.9424,3538.0087,9910231400,155975437035.7000,-0.736751
461,2023-11-28,sh.000300,3510.6554,3521.0463,3501.1093,3518.5232,3511.9424,8933578900,147740535862.4000,0.187383
462,2023-11-29,sh.000300,3518.8836,3519.1980,3482.2444,3488.3073,3518.5232,9884141200,155948235975.9000,-0.858767
463,2023-11-30,sh.000300,3485.5171,3505.1273,3481.4515,3496.2028,3488.3073,10135082000,153790180653.3000,0.226342
464,2023-12-01,sh.000300,3494.2234,3494.2234,3452.1728,3482.8813,3496.2028,10853094100,176078323469.4000,-0.381028
465,2023-12-04,sh.000300,3481.0449,3488.1330,3459.6110,3460.1380,3482.8813,9715682600,164664395292.9000,-0.653002
466,2023-12-05,sh.000300,3450.0898,3450.0898,3393.8139,3394.2571,3460.1380,10047200700,164840691112.1000,-1.903996
467,2023-12-06,sh.000300,3387.8798,3420.2773,3382.9457,3399.5980,3394.2571,10580551900,172142987724.9000,0.157351
468,2023-12-07,sh.000300,3394.3064,3404.4074,3369.7675,3391.2823,3399.5980,9771324800,160949948197.3000,-0.244608
469,2023-12-08,sh.000300,3391.8585,3409.3845,3383.4479,3399.4618,3391.2823,12952205400,203034222561.1000,0.241192
470,2023-12-11,sh.000300,3378.0517,3426.6106,3346.8902,3419.4548,3399.4618,13962624900,219761181423.1000,0.588123
471,2023-12-12,sh.000300,3409.9976,3427.5456,3406.1013,3426.8030,3419.4548,10559001300,166979964779.7000,0.214894
472,2023-12-13,sh.000300,3418.6413,3418.6413,3369.6050,3369.6050,3426.8030,9528536700,165455928375.6000,-1.669136
473,2023-12-14,sh.000300,3387.3847,3399.1394,3350.7648,3351.9639,3369.6050,8365513500,150245775736.4000,-0.523536
474,2023-12-15,sh.000300,3365.9388,3388.5047,3339.5190,3341.5517,3351.9639,9778778300,164907019372.1000,-0.310630
475,2023-12-18,sh.000300,3329.1910,3352.3458,3314.9095,3329.3657,3341.5517,9052682600,142303319418.9000,-0.364681
476,2023-12-19,sh.000300,3325.6596,3345.7795,3313.1874,3334.0412,3329.3657,8380811800,135293655396.1000,0.140432
477,2023-12-20,sh.000300,3334.3320,3338.5434,3297.3652,3297.5022,3334.0412,9241286800,141290542802.3000,-1.095937
478,2023-12-21,sh.000300,3285.6049,3339.3552,3283.9883,3330.8698,3297.5022,10254619800,171120780579.5000,1.011905
479,2023-12-22,sh.000300,3329.4668,3359.0601,3315.8976,3337.2281,3330.8698,10522013300,167336342309.2000,0.190890
480,2023-12-25,sh.000300,3330.3333,3348.8820,3330.3333,3347.4508,3337.2281,7454269300,121838327071.1000,0.306323
481,2023-12-26,sh.000300,3345.3952,3345.4171,3315.9370,3324.7902,3347.4508,7473293500,121689997434.6000,-0.676951
482,2023-12-27,sh.000300,3326.9267,3341.2659,3309.6731,3336.3572,3324.7902,9440392800,140924923674.8000,0.347902
483,2023-12-28,sh.000300,3335.5572,3423.4018,3331.2082,3414.5403,3336.3572,14806485100,245855634464.3000,2.343367
484,2023-12-29,sh.000300,3411.1094,3432.5412,3409.5795,3431.1099,3414.5403,11492893200,193573180515.1000,0.485266
485,2024-01-02,sh.000300,3426.2684,3426.2684,3386.3522,3386.3522,3431.1099,11618072600,184096097448.7000,-1.304467
486,2024-01-03,sh.000300,3379.7501,3392.8504,3362.6617,3378.2971,3386.3522,10561385100,165099018642.5000,-0.237870
487,2024-01-04,sh.000300,3375.0207,3375.0207,3323.8647,3347.0519,3378.2971,10672101300,165512262698.6000,-0.924880
488,2024-01-05,sh.000300,3341.3061,3372.5444,3313.5542,3329.1114,3347.0519,12640057400,182251664948.1000,-0.536009
489,2024-01-08,sh.000300,3322.6051,3333.5160,3283.3421,3286.0564,3329.1114,11742948500,170761644873.4000,-1.293288
490,2024-01-09,sh.000300,3286.7083,3304.6008,3273.8431,3292.4994,3286.0564,10933046500,172276323045.2000,0.196071
491,2024-01-10,sh.000300,3281.6692,3312.9161,3268.2471,3277.1290,3292.4994,9419936600,159777649838.1000,-0.466831
492,2024-01-11,sh.000300,3275.3086,3311.1137,3266.7911,3295.6717,3277.1290,10878973500,180978533555.5000,0.565821
493,2024-01-12,sh.000300,3284.3580,3310.4704,3279.6987,3284.1667,3295.6717,9685355500,156536022291.9000,-0.349094
494,2024-01-15,sh.000300,3270.1029,3306.9217,3261.2687,3280.9195,3284.1667,8885153000,144331722430.6000,-0.098874
495,2024-01-16,sh.000300,3272.5710,3300.8762,3260.4362,3300.8762,3280.9195,11327666500,175650587488.9000,0.608265
496,2024-01-17,sh.000300,3291.1392,3291.1392,3229.0820,3229.0820,3300.8762,10876972800,173516385174.7000,-2.175004
497,2024-01-18,sh.000300,3214.2844,3279.2538,3171.6329,3274.7286,3229.0820,17490916800,256784536828.0000,1.413609
498,2024-01-19,sh.000300,3261.2393,3286.9415,3251.8136,3269.7763,3274.7286,11850140800,191261807098.8000,-0.151228
499,2024-01-22,sh.000300,3262.4685,3281.4205,3193.1776,3218.9016,3269.7763,14870562800,225510031844.3000,-1.555908
500,2024-01-23,sh.000300,3208.4316,3249.5306,3188.1259,3231.9329,3218.9016,12201200000,193791168624.2000,0.404837
501,2024-01-24,sh.000300,3245.9592,3281.4892,3190.4674,3277.1089,3231.9329,15437195400,219036341624.5000,1.397801
502,2024-01-25,sh.000300,3274.3391,3344.2426,3269.7943,3342.9189,3277.1089,19683361400,265521114954.3000,2.008173
503,2024-01-26,sh.000300,3326.6465,3351.9692,3315.1265,3333.8213,3342.9189,18066400500,238144899501.0000,-0.272145
504,2024-01-29,sh.000300,3335.3936,3351.3715,3303.9604,3303.9604,3333.8213,18416479500,244698013593.3000,-0.895696
505,2024-01-30,sh.000300,3283.8977,3300.2040,3244.9719,3245.0387,3303.9604,14364935000,199592929911.7000,-1.783366
506,2024-01-31,sh.000300,3231.5425,3252.1475,3201.9264,3215.3518,3245.0387,15314346900,215333349921.2000,-0.914840
507,2024-02-01,sh.000300,3202.2564,3251.7582,3191.8968,3217.7109,3215.3518,14551679200,203815063232.5000,0.073370
508,2024-02-02,sh.000300,3219.8734,3235.4079,3108.3515,3179.6276,3217.7109,17375808900,234495151557.0000,-1.183553
509,2024-02-05,sh.000300,3164.2500,3233.8485,3111.5184,3200.4218,3179.6276,20304297000,279713141507.2000,0.653982
510,2024-02-06,sh.000300,3185.2498,3314.5120,3182.8216,3311.6922,3200.4218,20271309900,285042020945.9000,3.476742
511,2024-02-07,sh.000300,3314.0306,3343.6303,3289.6704,3343.6303,3311.6922,21664793300,297997664575.2000,0.964404
512,2024-02-08,sh.000300,3351.4052,3367.2101,3336.9779,3364.9297,3343.6303,18997757800,270239765211.0000,0.637014
513,2024-02-19,sh.000300,3393.1916,3403.8078,3364.1418,3403.8078,3364.9297,18331980000,267674145147.3000,1.155391
514,2024-02-20,sh.000300,3395.1916,3415.8943,3380.1030,3410.8542,3403.8078,14073458100,218459281946.0000,0.207015
515,2024-02-21,sh.000300,3390.3619,3500.1338,3383.6911,3456.8713,3410.8542,18887936200,291823544608.2000,1.349137
516,2024-02-22,sh.000300,3450.3518,3486.6826,3448.4135,3486.6747,3456.8713,14102078400,225098128872.7000,0.862150
517,2024-02-23,sh.000300,3491.3367,3507.5592,3472.9680,3489.7416,3486.6747,14482127300,232926057113.9000,0.087961
518,2024-02-26,sh.000300,3485.5427,3492.6061,3445.3889,3453.3585,3489.7416,15124833100,238951637715.0000,-1.042573
519,2024-02-27,sh.000300,3440.0516,3494.7874,3437.4422,3494.7874,3453.3585,13952824600,244488721250.8000,1.199670
520,2024-02-28,sh.000300,3499.8257,3521.6574,3450.2598,3450.2598,3494.7874,18983754800,328300591256.4000,-1.274115
521,2024-02-29,sh.000300,3437.8984,3516.0826,3437.8984,3516.0826,3450.2598,15594453200,281971899288.2000,1.907764
522,2024-03-01,sh.000300,3515.0587,3544.3595,3503.4590,3537.8038,3516.0826,16270957000,288575619224.5000,0.617767
523,2024-03-04,sh.000300,3538.3660,3548.6901,3519.7599,3540.8686,3537.8038,16324461300,297719931809.3000,0.086630
524,2024-03-05,sh.000300,3524.9644,3570.6935,3519.0816,3565.5143,3540.8686,16642238900,299895929709.1000,0.696035
525,2024-03-06,sh.000300,3556.5323,3577.3883,3545.1013,3551.0481,3565.5143,14307661300,248294165707.4000,-0.405725
526,2024-03-07,sh.000300,3548.1007,3569.9185,3522.8964,3529.7195,3551.0481,14811051000,251839533036.1000,-0.600628
527,2024-03-08,sh.000300,3529.5509,3548.5055,3511.5770,3544.9099,3529.7195,12579266400,225379101014.0000,0.430357
528,2024-03-11,sh.000300,3545.9427,3589.2635,3542.2789,3589.2635,3544.9099,14820282500,286418582154.6000,1.251191
529,2024-03-12,sh.000300,3592.5826,3605.6976,3574.2117,3597.4939,3589.2635,18068556000,339997042337.1000,0.229306
530,2024-03-13,sh.000300,3594.4211,3594.4211,3563.3685,3572.3610,3597.4939,14459059000,266898756379.8000,-0.698622
531,2024-03-14,sh.000300,3571.7885,3597.4600,3545.6120,3562.2229,3572.3610,14096272200,263803609335.2000,-0.283793
532,2024-03-15,sh.000300,3554.9068,3572.8091,3533.6798,3569.9930,3562.2229,13831604400,243991558366.2000,0.218125
533,2024-03-18,sh.000300,3577.0564,3604.0519,3573.4040,3603.5280,3569.9930,16037943800,295314840611.0000,0.939358
534,2024-03-19,sh.000300,3593.3396,3610.7389,3577.1880,3577.6303,3603.5280,14557178600,259553448413.4000,-0.718676
535,2024-03-20,sh.000300,3568.7158,3589.5456,3568.4341,3585.3838,3577.6303,12952896600,223752103886.2000,0.216722
536,2024-03-21,sh.000300,3593.0700,3601.1145,3575.0331,3581.0902,3585.3838,13074337700,233162492629.6000,-0.119753
537,2024-03-22,sh.000300,3571.2736,3575.7171,3522.8404,3545.0023,3581.0902,13922735800,248850931022.2000,-1.007735
538,2024-03-25,sh.000300,3536.7136,3564.9604,3525.7634,3525.7634,3545.0023,13701572400,233747256235.1000,-0.542705
539,2024-03-26,sh.000300,3526.6818,3547.6461,3518.6018,3543.7467,3525.7634,12620953500,226730734844.1000,0.510054
540,2024-03-27,sh.000300,3538.7244,3542.9624,3502.7866,3502.7866,3543.7467,12862676300,216404726565.9000,-1.155842
541,2024-03-28,sh.000300,3498.4820,3551.2143,3489.3861,3520.9648,3502.7866,14333471700,232530806334.5000,0.518964
542,2024-03-29,sh.000300,3516.8830,3538.2378,3516.8830,3537.4843,3520.9648,12864329000,201749384356.7000,0.469175
543,2024-04-01,sh.000300,3551.5815,3600.9193,3551.5815,3595.6466,3537.4843,16277656100,251637272845.1000,1.644171
544,2024-04-02,sh.000300,3593.2206,3596.1903,3568.7539,3580.6759,3595.6466,14127297200,220207515542.9000,-0.416356
545,2024-04-03,sh.000300,3578.6835,3582.4324,3558.8740,3567.8031,3580.6759,13559233100,214222897580.1000,-0.359508
546,2024-04-08,sh.000300,3553.5554,3567.8200,3535.7688,3536.4077,3567.8031,15530428300,243249251687.2000,-0.879964
547,2024-04-09,sh.000300,3533.3849,3543.7141,3518.8601,3533.4871,3536.4077,12967094200,195893525574.7000,-0.082587
548,2024-04-10,sh.000300,3528.9679,3531.2295,3490.0525,3504.7086,3533.4871,12879027400,199754768626.1000,-0.814450
549,2024-04-11,sh.000300,3485.0294,3520.5893,3484.9252,3504.2447,3504.7086,12653439500,200293481885.7000,-0.013236
550,2024-04-12,sh.000300,3505.7499,3516.6988,3470.0611,3475.8389,3504.2447,12892111600,208566204702.9000,-0.810611
551,2024-04-15,sh.000300,3473.5047,3552.4125,3473.5047,3549.0759,3475.8389,18394125000,267472484531.0000,2.107031
552,2024-04-16,sh.000300,3533.3636,3545.5034,3503.6158,3511.1146,3549.0759,17615306500,253315972272.3000,-1.069611
553,2024-04-17,sh.000300,3509.1318,3565.9389,3498.0324,3565.4030,3511.1146,16846639800,244987812753.2000,1.546187
554,2024-04-18,sh.000300,3550.5562,3602.7902,3547.5996,3569.8018,3565.4030,17857410500,261329927268.4000,0.123375
555,2024-04-19,sh.000300,3550.6087,3560.9492,3529.3237,3541.6619,3569.8018,14728150500,226229520121.3000,-0.788276
556,2024-04-22,sh.000300,3536.1844,3558.1642,3528.0186,3530.9045,3541.6619,15057904200,229511183118.0000,-0.303739
557,2024-04-23,sh.000300,3525.6681,3533.7584,3499.9838,3506.2249,3530.9045,14311350400,213257232210.7000,-0.698960
558,2024-04-24,sh.000300,3514.0108,3524.5370,3495.6494,3521.6219,3506.2249,12173985100,195299919746.2000,0.439133
559,2024-04-25,sh.000300,3510.6396,3543.9699,3505.1999,3530.2813,3521.6219,11518772200,184524622000.7000,0.245892
560,2024-04-26,sh.000300,3531.9647,3588.4003,3531.9647,3584.2686,3530.2813,19721613300,308045062250.7000,1.529263
561,2024-04-29,sh.000300,3584.5427,3645.8229,3578.7597,3623.9124,3584.2686,22272138100,358709708837.6000,1.106050
562,2024-04-30,sh.000300,3619.2586,3630.7092,3604.3943,3604.3943,3623.9124,19129689900,286674161757.8000,-0.538592
563,2024-05-06,sh.000300,3654.0485,3668.2565,3645.7380,3657.8767,3604.3943,20801800700,333270472130.0000,1.483811
564,2024-05-07,sh.000300,3657.0007,3665.6840,3648.3760,3659.0076,3657.8767,16483428600,247368347983.1000,0.030917
565,2024-05-08,sh.000300,3650.7484,3650.9355,3628.6984,3630.2233,3659.0076,13003533600,199923460349.8000,-0.786670
566,2024-05-09,sh.000300,3630.4142,3669.7593,3630.4142,3664.5610,3630.2233,14655901700,232694927940.9000,0.945884
567,2024-05-10,sh.000300,3669.0869,3674.6088,3641.7639,3666.2771,3664.5610,15072053600,233730562074.5000,0.046830
568,2024-05-13,sh.000300,3646.3491,3673.6211,3634.6049,3664.6907,3666.2771,15726745500,249688465072.9000,-0.043270
569,2024-05-14,sh.000300,3668.2254,3675.7760,3646.7092,3657.0454,3664.6907,13340649000,214643548213.8000,-0.208621
570,2024-05-15,sh.000300,3651.0536,3656.5277,3624.0020,3626.0559,3657.0454,12352276400,191480969435.1000,-0.847392
571,2024-05-16,sh.000300,3636.6007,3657.4831,3626.3340,3640.3592,3626.0559,15463050300,240288953464.0000,0.394459
572,2024-05-17,sh.000300,3638.5613,3677.9696,3627.4470,3677.9696,3640.3592,16457041700,247729525192.2000,1.033151
573,2024-05-20,sh.000300,3682.0615,3703.0287,3677.4426,3690.9623,3677.9696,18460942300,279971341520.4000,0.353257
574,2024-05-21,sh.000300,3682.2868,3684.6106,3665.1524,3676.1611,3690.9623,13067828300,196575354877.9000,-0.401012
575,2024-05-22,sh.000300,3675.6471,3691.8804,3667.0885,3684.4510,3676.1611,15191460500,230839373504.9000,0.225504
576,2024-05-23,sh.000300,3672.8403,3674.3654,3633.5051,3641.7917,3684.4510,14257299000,214205039030.7000,-1.157820
577,2024-05-24,sh.000300,3630.8270,3650.8734,3599.6678,3601.4754,3641.7917,12479117700,195344742155.9000,-1.107046
578,2024-05-27,sh.000300,3606.6450,3638.1514,3603.7131,3635.7079,3601.4754,13127264400,206143742535.6000,0.950513
579,2024-05-28,sh.000300,3633.2535,3638.9703,3605.9213,3609.1724,3635.7079,12353223800,184381267979.1000,-0.729858
580,2024-05-29,sh.000300,3609.0708,3633.1971,3602.8198,3613.5223,3609.1724,11590632100,179072813277.6000,0.120523
581,2024-05-30,sh.000300,3607.0522,3624.0352,3586.7543,3594.3121,3613.5223,12260299500,193069647050.8000,-0.531620
582,2024-05-31,sh.000300,3599.8196,3614.6439,3579.9247,3579.9247,3594.3121,11246201900,180707602931.7000,-0.400282
583,2024-06-03,sh.000300,3577.3798,3600.6044,3567.8713,3588.7483,3579.9247,14105459100,222756928174.4000,0.246474
584,2024-06-04,sh.000300,3583.8104,3622.5012,3580.2771,3615.6714,3588.7483,12454509600,195790966233.8000,0.750209
585,2024-06-05,sh.000300,3610.3601,3623.3232,3594.1056,3594.7936,3615.6714,11090676600,182639598874.9000,-0.577425
586,2024-06-06,sh.000300,3602.1554,3625.0109,3584.1710,3592.2454,3594.7936,13789351700,226764072639.2000,-0.070886
587,2024-06-07,sh.000300,3594.6335,3603.0698,3552.0853,3574.1143,3592.2454,13110302600,213001530097.8000,-0.504729
588,2024-06-11,sh.000300,3555.8186,3565.3113,3525.8945,3542.8771,3574.1143,13452230600,219282337214.0000,-0.873984
589,2024-06-12,sh.000300,3539.0947,3551.1706,3531.5657,3544.1225,3542.8771,12281372900,200722600631.1000,0.035152
590,2024-06-13,sh.000300,3548.2162,3551.0771,3520.1802,3526.1306,3544.1225,12324546200,214792338449.3000,-0.507655
591,2024-06-14,sh.000300,3514.7998,3547.1473,3503.5233,3541.5331,3526.1306,17151694200,283768816845.0000,0.436810
592,2024-06-17,sh.000300,3521.4365,3540.7932,3520.7381,3536.1986,3541.5331,13743343800,232293851893.9000,-0.150627
593,2024-06-18,sh.000300,3533.4875,3551.7085,3532.7845,3545.5902,3536.1986,12367183800,208824124156.0000,0.265585
594,2024-06-19,sh.000300,3543.3599,3543.3599,3524.8449,3528.7490,3545.5902,10664279700,184790298728.6000,-0.474990
595,2024-06-20,sh.000300,3525.1687,3533.9865,3500.1310,3503.2817,3528.7490,11161739600,186515776574.7000,-0.721709
596,2024-06-21,sh.000300,3496.3428,3505.5123,3473.8283,3495.6198,3503.2817,10918661500,182736735066.8000,-0.218706
597,2024-06-24,sh.000300,3473.6392,3505.7752,3471.2164,3476.8102,3495.6198,11799018400,195787549313.6000,-0.538091
598,2024-06-25,sh.000300,3475.1648,3483.2189,3440.6464,3457.9023,3476.8102,11844811800,190886336762.4000,-0.543829
599,2024-06-26,sh.000300,3451.5389,3487.3964,3442.2982,3480.2648,3457.9023,10589886100,171538111702.3000,0.646707
600,2024-06-27,sh.000300,3467.2888,3471.1423,3452.5775,3454.1175,3480.2648,11491810100,174112508796.1000,-0.751302
601,2024-06-28,sh.000300,3443.6744,3484.6780,3443.6744,3461.6570,3454.1175,13540915300,205118806811.8000,0.218276
602,2024-07-01,sh.000300,3458.2636,3479.9548,3443.8086,3478.1827,3461.6570,12182977000,188018227774.8000,0.477393
603,2024-07-02,sh.000300,3472.4527,3488.3189,3464.5237,3471.7857,3478.1827,12165012100,186104752421.9000,-0.183918
604,2024-07-03,sh.000300,3471.5556,3478.7047,3454.9942,3463.4141,3471.7857,10385710800,163035359363.1000,-0.241132
605,2024-07-04,sh.000300,3468.2958,3483.3098,3444.9280,3445.8128,3463.4141,10442990900,159477153569.5000,-0.508207
606,2024-07-05,sh.000300,3443.3588,3451.0386,3399.6693,3431.0605,3445.8128,11660965900,181416567402.8000,-0.428123
607,2024-07-08,sh.000300,3420.8033,3428.0418,3395.9123,3401.7604,3431.0605,11552821800,177559765827.5000,-0.853966
608,2024-07-09,sh.000300,3396.8044,3448.9279,3384.8086,3439.8111,3401.7604,13162944300,215048837819.8000,1.118559
609,2024-07-10,sh.000300,3425.8818,3447.5050,3423.6483,3428.9657,3439.8111,12720345600,198149476849.1000,-0.315291
610,2024-07-11,sh.000300,3451.0442,3473.9837,3438.1180,3468.1690,3428.9657,14589246600,237551298481.6000,1.143298
611,2024-07-12,sh.000300,3459.9564,3479.0958,3457.3633,3472.4014,3468.1690,13087458900,205055553856.4000,0.122036
612,2024-07-15,sh.000300,3462.6113,3481.4613,3460.7915,3476.2467,3472.4014,11851708300,171584915379.5000,0.110739
