,date,code,open,high,low,close,preclose,volume,amount,adjustflag,turn,tradestatus,pctChg,isST
0,2022-01-04,sh.600606,4.3100,4.4100,4.3100,4.4000,4.3400,41148827,180504680.9300,3,0.322100,1,1.382500,0
1,2022-01-05,sh.600606,4.4000,4.4800,4.3800,4.4100,4.4000,41713178,184584732.3300,3,0.326500,1,0.227300,0
2,2022-01-06,sh.600606,4.4100,4.5000,4.4000,4.4500,4.4100,44454945,198033158.6500,3,0.347900,1,0.907000,0
3,2022-01-07,sh.600606,4.4400,4.6300,4.4300,4.5400,4.4500,76522969,349518794.5500,3,0.598900,1,2.022500,0
4,2022-01-10,sh.600606,4.5600,4.6800,4.5100,4.6500,4.5400,70540160,324618887.2600,3,0.552100,1,2.422900,0
5,2022-01-11,sh.600606,4.6200,4.7000,4.5700,4.6000,4.6500,67889617,314367994.3300,3,0.531400,1,-1.075300,0
6,2022-01-12,sh.600606,4.5900,4.6000,4.5100,4.5700,4.6000,41250887,187979484.2700,3,0.322900,1,-0.652200,0
7,2022-01-13,sh.600606,4.5600,4.6600,4.5400,4.5500,4.5700,38122385,175121070.5100,3,0.298400,1,-0.437600,0
8,2022-01-14,sh.600606,4.5300,4.5500,4.4000,4.4100,4.5500,52313523,232678732.7500,3,0.409400,1,-3.076900,0
9,2022-01-17,sh.600606,4.4000,4.4600,4.4000,4.4300,4.4100,25060160,111180070.0600,3,0.196100,1,0.453500,0
10,2022-01-18,sh.600606,4.4300,4.5500,4.4000,4.5000,4.4300,43978568,196696824.7400,3,0.344200,1,1.580100,0
11,2022-01-19,sh.600606,4.4900,4.5700,4.4700,4.5400,4.5000,37818843,171582332.2000,3,0.296000,1,0.888900,0
12,2022-01-20,sh.600606,4.5500,4.6400,4.5300,4.5500,4.5400,43624565,199993550.9000,3,0.341400,1,0.220300,0
13,2022-01-21,sh.600606,4.5200,4.5600,4.4500,4.4800,4.5500,28889912,129965264.0000,3,0.226100,1,-1.538500,0
14,2022-01-24,sh.600606,4.4500,4.5700,4.4200,4.5100,4.4800,29132961,131288356.6300,3,0.228000,1,0.669600,0
15,2022-01-25,sh.600606,4.4800,4.5000,4.3300,4.3400,4.5100,32063810,141350847.5400,3,0.251000,1,-3.769400,0
16,2022-01-26,sh.600606,4.3600,4.4800,4.3400,4.4500,4.3400,39655257,175188466.4400,3,0.310400,1,2.534600,0
17,2022-01-27,sh.600606,4.4400,4.4600,4.3500,4.3700,4.4500,29836856,131078631.4300,3,0.233500,1,-1.797800,0
18,2022-01-28,sh.600606,4.3700,4.4200,4.3500,4.3700,4.3700,27457663,120390517.0400,3,0.214900,1,0.000000,0
19,2022-02-07,sh.600606,4.3100,4.4500,4.2100,4.4300,4.3700,45797893,198642586.6100,3,0.358500,1,1.373000,0
20,2022-02-08,sh.600606,4.4000,4.6700,4.3800,4.5800,4.4300,70727256,323751287.2700,3,0.553600,1,3.386000,0
21,2022-02-09,sh.600606,4.5300,4.6500,4.5200,4.5600,4.5800,42699948,196310590.2900,3,0.334200,1,-0.436700,0
22,2022-02-10,sh.600606,4.5700,4.6600,4.5100,4.6400,4.5600,47913796,221120871.5100,3,0.375000,1,1.754400,0
23,2022-02-11,sh.600606,4.6400,4.7100,4.5900,4.6100,4.6400,43320528,201285985.5000,3,0.339100,1,-0.646600,0
24,2022-02-14,sh.600606,4.5800,4.6000,4.4600,4.4800,4.6100,44006153,198765180.0400,3,0.344400,1,-2.820000,0
25,2022-02-15,sh.600606,4.4400,4.5000,4.3800,4.4200,4.4800,33353856,148016653.4700,3,0.261100,1,-1.339300,0
26,2022-02-16,sh.600606,4.4500,4.5300,4.4300,4.4800,4.4200,35628900,159807808.0800,3,0.278900,1,1.357500,0
27,2022-02-17,sh.600606,4.4900,4.4900,4.3900,4.4100,4.4800,27870439,123459016.8400,3,0.218100,1,-1.562500,0
28,2022-02-18,sh.600606,4.3900,4.5400,4.3800,4.5300,4.4100,38997543,174802247.6100,3,0.305200,1,2.721100,0
29,2022-02-21,sh.600606,4.5100,4.6300,4.4700,4.6100,4.5300,42439342,192977792.0800,3,0.332200,1,1.766000,0
30,2022-02-22,sh.600606,4.5800,4.6300,4.5200,4.5600,4.6100,35669824,163109383.7300,3,0.279200,1,-1.084600,0
31,2022-02-23,sh.600606,4.5600,4.5800,4.4800,4.4900,4.5600,35887189,161845793.8500,3,0.280900,1,-1.535100,0
32,2022-02-24,sh.600606,4.4800,4.5100,4.3400,4.3800,4.4900,38588415,170775303.9100,3,0.302000,1,-2.449900,0
33,2022-02-25,sh.600606,4.3900,4.4300,4.3400,4.3600,4.3800,30256960,132607872.8900,3,0.236800,1,-0.456600,0
34,2022-02-28,sh.600606,4.3400,4.3500,4.2600,4.3200,4.3600,31908751,137014187.0000,3,0.249700,1,-0.917400,0
35,2022-03-01,sh.600606,4.3000,4.3600,4.2800,4.3200,4.3200,35559011,153299585.0000,3,0.278300,1,0.000000,0
36,2022-03-02,sh.600606,4.3100,4.3800,4.2900,4.3400,4.3200,29944296,129846832.0000,3,0.234400,1,0.463000,0
37,2022-03-03,sh.600606,4.3500,4.4300,4.3300,4.4100,4.3400,43243686,190432882.0000,3,0.338500,1,1.612900,0
38,2022-03-04,sh.600606,4.3900,4.4000,4.3100,4.3900,4.4100,37207969,162134391.0000,3,0.291200,1,-0.453500,0
39,2022-03-07,sh.600606,4.3600,4.4200,4.3100,4.3200,4.3900,42053116,183080940.0000,3,0.329100,1,-1.594500,0
40,2022-03-08,sh.600606,4.3100,4.3200,4.1600,4.1700,4.3200,39976993,169037018.0000,3,0.312900,1,-3.472200,0
41,2022-03-09,sh.600606,4.1900,4.2100,3.9200,4.0700,4.1700,49178297,200777305.0000,3,0.384900,1,-2.398100,0
42,2022-03-10,sh.600606,4.1300,4.1500,4.0700,4.0800,4.0700,32130815,131757724.0000,3,0.251500,1,0.245700,0
43,2022-03-11,sh.600606,4.0200,4.1000,3.9500,4.0800,4.0800,45877863,183996527.0000,3,0.359100,1,0.000000,0
44,2022-03-14,sh.600606,4.0400,4.1100,3.9800,3.9800,4.0800,33049500,133613359.0000,3,0.258700,1,-2.451000,0
45,2022-03-15,sh.600606,3.9600,3.9700,3.6900,3.7100,3.9800,63093615,242324737.0000,3,0.493800,1,-6.783900,0
46,2022-03-16,sh.600606,3.7700,3.8600,3.6500,3.8300,3.7100,45060398,169125271.0000,3,0.352700,1,3.234500,0
47,2022-03-17,sh.600606,3.9500,4.0300,3.9200,3.9800,3.8300,59474780,236177453.0000,3,0.465500,1,3.916400,0
48,2022-03-18,sh.600606,3.9400,4.1000,3.9200,4.1000,3.9800,51601305,207399938.3700,3,0.403900,1,3.015100,0
49,2022-03-21,sh.600606,4.0900,4.1200,4.0400,4.0800,4.1000,39353489,160225593.1600,3,0.308000,1,-0.487800,0
50,2022-03-22,sh.600606,4.0500,4.3500,4.0400,4.3200,4.0800,106250205,450759484.3800,3,0.831600,1,5.882400,0
51,2022-03-23,sh.600606,4.2800,4.7500,4.2700,4.7500,4.3200,245014671,1123228940.7700,3,1.917700,1,9.953700,0
52,2022-03-24,sh.600606,4.6500,5.0300,4.6300,4.8900,4.7500,253365152,1231102977.9100,3,1.983000,1,2.947400,0
53,2022-03-25,sh.600606,4.8000,5.0200,4.6900,4.8900,4.8900,168714851,823991285.4700,3,1.320500,1,0.000000,0
54,2022-03-28,sh.600606,4.7900,5.2200,4.7700,5.0900,4.8900,194646645,983443133.4200,3,1.523500,1,4.090000,0
55,2022-03-29,sh.600606,5.0300,5.0600,4.7500,4.8300,5.0900,165400142,813374956.2500,3,1.294600,1,-5.108100,0
56,2022-03-30,sh.600606,4.9000,5.3100,4.8500,5.3100,4.8300,202573409,1041877960.9600,3,1.585500,1,9.937900,0
57,2022-03-31,sh.600606,5.4900,5.7900,5.3000,5.3900,5.3100,334342288,1838632423.7000,3,2.616800,1,1.506600,0
58,2022-04-01,sh.600606,5.3000,5.7900,5.2500,5.6200,5.3900,264504868,1452755265.1500,3,2.070200,1,4.267200,0
59,2022-04-06,sh.600606,5.6900,6.1000,5.5400,5.7400,5.6200,261880130,1515251869.9600,3,2.049700,1,2.135200,0
60,2022-04-07,sh.600606,5.6200,5.7500,5.4500,5.5100,5.7400,177351494,987234671.5000,3,1.388100,1,-4.007000,0
61,2022-04-08,sh.600606,5.4900,5.9600,5.3500,5.7800,5.5100,216517436,1222701957.6900,3,1.694600,1,4.900200,0
62,2022-04-11,sh.600606,5.6500,5.6900,5.4200,5.4800,5.7800,133667517,740770369.2100,3,1.046200,1,-5.190300,0
63,2022-04-12,sh.600606,5.4100,5.5600,5.1800,5.2400,5.4800,198921060,1061514620.0900,3,1.556900,1,-4.379600,0
64,2022-04-13,sh.600606,5.2000,5.3700,4.9700,5.2100,5.2400,148966920,772690753.3400,3,1.165900,1,-0.572500,0
65,2022-04-14,sh.600606,5.2200,5.4700,5.2100,5.3200,5.2100,108351244,580914978.6400,3,0.848000,1,2.111300,0
66,2022-04-15,sh.600606,5.2900,5.5200,5.2900,5.4100,5.3200,119438555,647337744.5200,3,0.934800,1,1.691700,0
67,2022-04-18,sh.600606,5.3000,5.3600,5.1000,5.1400,5.4100,96324008,503781301.4800,3,0.753900,1,-4.990800,0
68,2022-04-19,sh.600606,5.0900,5.1500,4.9200,5.1100,5.1400,127893707,642898225.6100,3,1.001000,1,-0.583700,0
69,2022-04-20,sh.600606,5.0900,5.1600,4.7600,4.8500,5.1100,121612941,594859428.0300,3,0.951800,1,-5.088100,0
70,2022-04-21,sh.600606,4.8000,4.8900,4.6400,4.7000,4.8500,117663213,560389311.7000,3,0.920900,1,-3.092800,0
71,2022-04-22,sh.600606,4.6500,4.8100,4.6200,4.7500,4.7000,84327894,399213822.5900,3,0.660000,1,1.063800,0
72,2022-04-25,sh.600606,4.8000,4.8800,4.4400,4.4500,4.7500,107910532,501113859.2800,3,0.844600,1,-6.315800,0
73,2022-04-26,sh.600606,4.4700,4.5700,4.3700,4.4000,4.4500,90815298,406799157.4500,3,0.710800,1,-1.123600,0
74,2022-04-27,sh.600606,4.3600,4.4200,4.1800,4.2900,4.4000,118046410,505113516.3200,3,0.923900,1,-2.500000,0
75,2022-04-28,sh.600606,4.2800,4.6000,4.2600,4.5300,4.2900,118676671,530881534.2200,3,0.928900,1,5.594400,0
76,2022-04-29,sh.600606,4.5000,4.8300,4.4700,4.7900,4.5300,134189739,622726005.9500,3,1.050300,1,5.739500,0
77,2022-05-05,sh.600606,4.8100,4.8900,4.5100,4.6700,4.7900,147374860,684808705.5300,3,1.153500,1,-2.505200,0
78,2022-05-06,sh.600606,4.4900,4.4900,4.2700,4.3200,4.6700,103349617,452556787.5200,3,0.808900,1,-7.494600,0
79,2022-05-09,sh.600606,4.3100,4.4200,4.2300,4.3600,4.3200,62341546,270801328.3900,3,0.487900,1,0.925900,0
80,2022-05-10,sh.600606,4.2400,4.3600,4.1000,4.3300,4.3600,137032658,581236232.8200,3,1.072500,1,-0.688100,0
81,2022-05-11,sh.600606,4.2800,4.3900,4.2100,4.2400,4.3300,95991880,411740676.4200,3,0.751300,1,-2.078500,0
82,2022-05-12,sh.600606,4.2400,4.2800,4.1000,4.2000,4.2400,100216665,419658750.6300,3,0.784400,1,-0.943400,0
83,2022-05-13,sh.600606,4.1800,4.4300,4.1700,4.3900,4.2000,136941365,590870010.8800,3,1.071800,1,4.523800,0
84,2022-05-16,sh.600606,4.5100,4.5400,4.3400,4.3900,4.3900,118170427,521898725.2100,3,0.924900,1,0.000000,0
85,2022-05-17,sh.600606,4.3600,4.3900,4.1600,4.2500,4.3900,130998032,555676319.2600,3,1.025300,1,-3.189100,0
86,2022-05-18,sh.600606,4.2700,4.2800,4.1900,4.2200,4.2500,92600513,391470480.7600,3,0.724800,1,-0.705900,0
87,2022-05-19,sh.600606,4.1800,4.3200,4.1500,4.2800,4.2200,112562524,478606872.8100,3,0.881000,1,1.421800,0
88,2022-05-20,sh.600606,4.3100,4.3200,4.2100,4.2300,4.2800,100300750,426585866.5600,3,0.785000,1,-1.168200,0
89,2022-05-23,sh.600606,4.2200,4.2400,4.1100,4.1500,4.2300,111159023,462525213.2700,3,0.870000,1,-1.891300,0
90,2022-05-24,sh.600606,4.1500,4.1500,3.9700,3.9700,4.1500,116129053,469884310.0400,3,0.908900,1,-4.337300,0
91,2022-05-25,sh.600606,3.9500,4.0000,3.9300,3.9900,3.9700,88791013,352295739.8100,3,0.695000,1,0.503800,0
92,2022-05-26,sh.600606,3.9800,4.0600,3.9800,4.0300,3.9900,79867153,321579858.7600,3,0.625100,1,1.002500,0
93,2022-05-27,sh.600606,4.0200,4.0600,3.9900,4.0100,4.0300,72906391,292799120.5000,3,0.570600,1,-0.496300,0
94,2022-05-30,sh.600606,3.9300,3.9400,3.6800,3.9000,4.0100,141286007,544442648.6700,3,1.105800,1,-2.743100,0
95,2022-05-31,sh.600606,3.8600,3.9000,3.8300,3.8400,3.9000,80064635,308915480.2000,3,0.626700,1,-1.538500,0
96,2022-06-01,sh.600606,3.8400,3.8800,3.7900,3.8100,3.8400,68807675,263910594.8300,3,0.538500,1,-0.781300,0
97,2022-06-02,sh.600606,3.8100,3.8200,3.7600,3.7800,3.8100,58726254,222007304.2600,3,0.459600,1,-0.787400,0
98,2022-06-06,sh.600606,3.7600,3.8000,3.7200,3.7900,3.7800,63600353,238597341.7400,3,0.497800,1,0.264600,0
99,2022-06-07,sh.600606,3.7900,3.8700,3.7700,3.8600,3.7900,79165717,302424243.7900,3,0.619600,1,1.847000,0
100,2022-06-08,sh.600606,3.8800,3.8800,3.8100,3.8700,3.8600,77189034,296888424.0000,3,0.604100,1,0.259100,0
101,2022-06-09,sh.600606,3.8600,3.9100,3.8200,3.8300,3.8700,78721156,304092756.1500,3,0.616100,1,-1.033600,0
102,2022-06-10,sh.600606,3.7700,3.8200,3.7600,3.7600,3.8300,132977865,503130154.6600,3,1.040800,1,-1.827700,0
103,2022-06-13,sh.600606,3.7400,3.7400,3.6600,3.6900,3.7600,93209261,344643807.8500,3,0.729500,1,-1.861700,0
104,2022-06-14,sh.600606,3.6600,3.7900,3.6600,3.7800,3.6900,77310989,288018030.7800,3,0.605100,1,2.439000,0
105,2022-06-15,sh.600606,3.7800,3.9100,3.7700,3.8500,3.7800,122857133,475100218.8400,3,0.961600,1,1.851900,0
106,2022-06-16,sh.600606,3.8500,3.8800,3.7800,3.8000,3.8500,78247459,298636660.4300,3,0.612400,1,-1.298700,0
107,2022-06-17,sh.600606,3.7700,3.8000,3.7300,3.7900,3.8000,50154039,189031926.5300,3,0.392500,1,-0.263200,0
108,2022-06-20,sh.600606,3.7900,3.8600,3.7700,3.8400,3.7900,69562076,266646718.7300,3,0.544500,1,1.319300,0
109,2022-06-21,sh.600606,3.8400,3.9100,3.8200,3.8600,3.8400,83541307,323706424.2900,3,0.653900,1,0.520800,0
110,2022-06-22,sh.600606,3.8400,3.8600,3.7700,3.7700,3.8600,63867329,243261526.2400,3,0.499900,1,-2.331600,0
111,2022-06-23,sh.600606,3.7600,3.8100,3.7200,3.8100,3.7700,56169944,211985953.5700,3,0.439600,1,1.061000,0
112,2022-06-24,sh.600606,3.8100,3.8200,3.7600,3.7800,3.8100,48178433,182271919.4400,3,0.377100,1,-0.787400,0
113,2022-06-27,sh.600606,3.8000,3.8600,3.7900,3.8500,3.7800,66259015,253423203.5000,3,0.518600,1,1.851900,0
114,2022-06-28,sh.600606,3.8500,3.8800,3.8300,3.8500,3.8500,52891620,203696998.1500,3,0.414000,1,0.000000,0
115,2022-06-29,sh.600606,3.8500,4.0400,3.8400,3.9900,3.8500,166289563,655993095.2800,3,1.301500,1,3.636400,0
116,2022-06-30,sh.600606,4.0000,4.0000,3.9100,3.9600,3.9900,110692639,436694666.5300,3,0.866400,1,-0.751900,0
117,2022-07-01,sh.600606,3.9400,3.9600,3.8800,3.9000,3.9600,86220224,337030322.5400,3,0.674800,1,-1.515200,0
118,2022-07-04,sh.600606,3.8800,3.8900,3.8300,3.8600,3.9000,59502467,228940023.6200,3,0.465700,1,-1.025600,0
119,2022-07-05,sh.600606,3.8600,3.8800,3.8100,3.8300,3.8600,52787582,202815249.3800,3,0.413200,1,-0.777200,0
120,2022-07-06,sh.600606,3.8200,3.8200,3.7300,3.7600,3.8300,64544097,243226877.9500,3,0.505200,1,-1.827700,0
121,2022-07-07,sh.600606,3.7600,3.7800,3.7200,3.7400,3.7600,43419382,162993983.8000,3,0.339800,1,-0.531900,0
122,2022-07-08,sh.600606,3.7400,3.7900,3.7300,3.7500,3.7400,37274985,140067838.9500,3,0.291700,1,0.267400,0
123,2022-07-11,sh.600606,3.7400,3.7400,3.6700,3.7000,3.7500,39346106,145612054.7500,3,0.308000,1,-1.333300,0
124,2022-07-12,sh.600606,3.7000,3.7300,3.6700,3.7100,3.7000,34918418,129316348.9900,3,0.273300,1,0.270300,0
125,2022-07-13,sh.600606,3.7100,3.7700,3.7000,3.7300,3.7100,44579756,166830450.0800,3,0.348900,1,0.539100,0
126,2022-07-14,sh.600606,3.7100,3.7200,3.5400,3.5500,3.7300,116944672,420972563.1300,3,0.915300,1,-4.825700,0
127,2022-07-15,sh.600606,3.5300,3.5500,3.3700,3.3800,3.5500,83950805,288154584.1500,3,0.657100,1,-4.788700,0
128,2022-07-18,sh.600606,3.3700,3.5100,3.3500,3.5100,3.3800,69113294,239719165.2000,3,0.540900,1,3.846200,0
129,2022-07-19,sh.600606,3.5000,3.5500,3.4700,3.5400,3.5100,44029252,154496276.2900,3,0.344600,1,0.854700,0
130,2022-07-20,sh.600606,3.5600,3.5800,3.5000,3.5100,3.5400,39001817,137761773.6100,3,0.305300,1,-0.847500,0
131,2022-07-21,sh.600606,3.5100,3.5400,3.4500,3.4800,3.5100,47501887,165701872.0400,3,0.371800,1,-0.854700,0
132,2022-07-22,sh.600606,3.4800,3.5000,3.4300,3.4600,3.4800,39807978,137763171.9200,3,0.311600,1,-0.574700,0
133,2022-07-25,sh.600606,3.4600,3.5300,3.4500,3.4700,3.4600,48849339,170659326.5800,3,0.382300,1,0.289000,0
134,2022-07-26,sh.600606,3.4800,3.6500,3.4600,3.6400,3.4700,102218083,365966405.6600,3,0.800000,1,4.899100,0
135,2022-07-27,sh.600606,3.6100,3.6200,3.5500,3.5600,3.6400,59373074,211972481.2500,3,0.464700,1,-2.197800,0
136,2022-07-28,sh.600606,3.5600,3.6600,3.5500,3.6200,3.5600,71420890,257702125.0400,3,0.559000,1,1.685400,0
137,2022-07-29,sh.600606,3.6400,3.6500,3.5400,3.5500,3.6200,57023227,203901818.7100,3,0.446300,1,-1.933700,0
138,2022-08-01,sh.600606,3.5300,3.5400,3.4800,3.5000,3.5500,36798870,128990097.7000,3,0.288000,1,-1.408500,0
139,2022-08-02,sh.600606,3.1900,3.1900,3.0200,3.0500,3.1800,55378198,170391081.5000,3,0.394000,1,-4.088100,0
140,2022-08-03,sh.600606,3.0300,3.0800,2.9700,2.9900,3.0500,60526923,182903695.7200,3,0.430700,1,-1.967200,0
141,2022-08-04,sh.600606,3.0100,3.0400,2.9900,3.0200,2.9900,38105667,114986066.0000,3,0.271100,1,1.003300,0
142,2022-08-05,sh.600606,3.0300,3.0800,3.0100,3.0700,3.0200,44676577,135891597.0000,3,0.317900,1,1.655600,0
143,2022-08-08,sh.600606,3.1000,3.2800,3.1000,3.1400,3.0700,85105129,270614617.0000,3,0.605500,1,2.280100,0
144,2022-08-09,sh.600606,3.1100,3.1500,3.0600,3.0800,3.1400,64142860,198406159.0000,3,0.456400,1,-1.910800,0
145,2022-08-10,sh.600606,3.0600,3.0900,3.0300,3.0400,3.0800,43298586,132258522.0000,3,0.308100,1,-1.298700,0
146,2022-08-11,sh.600606,3.0600,3.1100,3.0600,3.1000,3.0400,47967346,147985158.0000,3,0.341300,1,1.973700,0
147,2022-08-12,sh.600606,3.1000,3.1400,3.0800,3.1200,3.1000,48275883,150339990.0000,3,0.343500,1,0.645200,0
148,2022-08-15,sh.600606,3.1100,3.1400,3.0800,3.0800,3.1200,46319927,143381738.9500,3,0.329600,1,-1.282100,0
149,2022-08-16,sh.600606,3.1000,3.1600,3.0800,3.1400,3.0800,60982024,190612671.9200,3,0.433900,1,1.948100,0
150,2022-08-17,sh.600606,3.1300,3.1800,3.1000,3.1600,3.1400,58032450,182939737.9800,3,0.412900,1,0.636900,0
151,2022-08-18,sh.600606,3.1500,3.1500,3.0900,3.1000,3.1600,50438904,157073188.5000,3,0.358900,1,-1.898700,0
152,2022-08-19,sh.600606,3.1000,3.1700,3.0900,3.1300,3.1000,53023357,166543913.8300,3,0.377300,1,0.967700,0
153,2022-08-22,sh.600606,3.1400,3.1800,3.1000,3.1500,3.1300,51114379,160663054.6000,3,0.363700,1,0.639000,0
154,2022-08-23,sh.600606,3.1600,3.1700,3.1100,3.1300,3.1500,46759462,146231866.4000,3,0.332700,1,-0.634900,0
155,2022-08-24,sh.600606,3.1200,3.1400,3.0600,3.0600,3.1300,49863289,154371551.6300,3,0.354800,1,-2.236400,0
156,2022-08-25,sh.600606,3.0800,3.1100,3.0500,3.1000,3.0600,40942599,126246715.4200,3,0.291300,1,1.307200,0
157,2022-08-26,sh.600606,3.1100,3.1200,3.0800,3.0900,3.1000,37107083,115010897.3500,3,0.264000,1,-0.322600,0
158,2022-08-29,sh.600606,3.0500,3.1000,3.0400,3.0900,3.0900,39447310,121002476.5300,3,0.280700,1,0.000000,0
159,2022-08-30,sh.600606,3.0900,3.1600,3.0800,3.1400,3.0900,53552757,167659639.8600,3,0.381000,1,1.618100,0
160,2022-08-31,sh.600606,3.1400,3.1600,3.1100,3.1100,3.1400,44084330,138075052.1600,3,0.313700,1,-0.955400,0
161,2022-09-01,sh.600606,3.1000,3.2200,3.0900,3.1500,3.1100,91744838,290886879.4800,3,0.652800,1,1.286200,0
162,2022-09-02,sh.600606,3.1400,3.1600,3.1000,3.1100,3.1500,58791738,183539722.8000,3,0.418300,1,-1.269800,0
163,2022-09-05,sh.600606,3.1100,3.1600,3.1000,3.1600,3.1100,61714998,193487579.5300,3,0.439100,1,1.607700,0
164,2022-09-06,sh.600606,3.1600,3.2400,3.1500,3.2200,3.1600,97413905,311470369.0300,3,0.693100,1,1.898700,0
165,2022-09-07,sh.600606,3.2100,3.2300,3.1700,3.2100,3.2200,60635992,194021716.0300,3,0.431400,1,-0.310600,0
166,2022-09-08,sh.600606,3.2100,3.2300,3.1600,3.1800,3.2100,47330893,150784004.8700,3,0.336800,1,-0.934600,0
167,2022-09-09,sh.600606,3.1900,3.2900,3.1800,3.2700,3.1800,93860504,305292121.0500,3,0.667800,1,2.830200,0
168,2022-09-13,sh.600606,3.2700,3.2800,3.1900,3.1900,3.2700,79999695,257705524.3300,3,0.569200,1,-2.446500,0
169,2022-09-14,sh.600606,3.1500,3.2200,3.1400,3.1700,3.1900,56872393,181348459.4500,3,0.404700,1,-0.627000,0
170,2022-09-15,sh.600606,3.1900,3.2800,3.1800,3.2500,3.1700,103602490,335344181.1300,3,0.737200,1,2.523700,0
171,2022-09-16,sh.600606,3.2500,3.2600,3.0900,3.1000,3.2500,101240859,319643823.7900,3,0.720400,1,-4.615400,0
172,2022-09-19,sh.600606,3.0700,3.0900,3.0100,3.0400,3.1000,54823374,167198309.6400,3,0.390100,1,-1.935500,0
173,2022-09-20,sh.600606,3.0600,3.1200,3.0100,3.0300,3.0400,65486022,199416938.9700,3,0.466000,1,-0.328900,0
174,2022-09-21,sh.600606,3.0100,3.0700,2.9300,3.0400,3.0300,78460702,234978581.5900,3,0.558300,1,0.330000,0
175,2022-09-22,sh.600606,3.0100,3.0600,2.9700,2.9800,3.0400,59629847,179123828.0000,3,0.424300,1,-1.973700,0
176,2022-09-23,sh.600606,2.9800,3.0300,2.9500,2.9500,2.9800,62672165,186828931.2800,3,0.445900,1,-1.006700,0
177,2022-09-26,sh.600606,2.9300,2.9600,2.8300,2.8400,2.9500,66417163,191870956.9100,3,0.472600,1,-3.728800,0
178,2022-09-27,sh.600606,2.8400,2.8700,2.8100,2.8700,2.8400,59377751,168779754.1500,3,0.422500,1,1.056300,0
179,2022-09-28,sh.600606,2.8500,2.8700,2.8100,2.8100,2.8700,48727939,138258597.1100,3,0.346700,1,-2.090600,0
180,2022-09-29,sh.600606,2.8300,2.8400,2.7200,2.7300,2.8100,61506660,170672786.8600,3,0.437600,1,-2.847000,0
181,2022-09-30,sh.600606,2.7600,2.8300,2.7400,2.7900,2.7300,68787887,191456757.6400,3,0.489400,1,2.197800,0
182,2022-10-10,sh.600606,2.8100,2.8800,2.8000,2.8000,2.7900,63059505,178852016.4000,3,0.448700,1,0.358400,0
183,2022-10-11,sh.600606,2.7900,2.8000,2.7300,2.7500,2.8000,46086626,127016211.1500,3,0.327900,1,-1.785700,0
184,2022-10-12,sh.600606,2.7500,2.8000,2.7200,2.8000,2.7500,45772585,126101241.6200,3,0.325700,1,1.818200,0
185,2022-10-13,sh.600606,2.7900,2.8000,2.7400,2.7800,2.8000,52946699,146308450.3500,3,0.376700,1,-0.714300,0
186,2022-10-14,sh.600606,2.7900,2.8400,2.7800,2.8200,2.7800,59297058,167128965.8100,3,0.421900,1,1.438800,0
187,2022-10-17,sh.600606,2.8000,2.8600,2.7900,2.8500,2.8200,57460297,162371443.1200,3,0.408800,1,1.063800,0
188,2022-10-18,sh.600606,2.8500,2.8800,2.8200,2.8400,2.8500,48428453,137908794.3200,3,0.344600,1,-0.350900,0
189,2022-10-19,sh.600606,2.8300,2.8500,2.8000,2.8000,2.8400,33571013,94684198.9700,3,0.238900,1,-1.408500,0
190,2022-10-20,sh.600606,2.7900,2.8200,2.7700,2.7900,2.8000,36254311,101349296.2200,3,0.258000,1,-0.357100,0
191,2022-10-21,sh.600606,2.8100,2.8300,2.7800,2.7900,2.7900,46516110,130714416.3800,3,0.331000,1,0.000000,0
192,2022-10-24,sh.600606,2.7900,2.7900,2.6700,2.6800,2.7900,77278001,210577597.1400,3,0.549900,1,-3.942700,0
193,2022-10-25,sh.600606,2.7000,2.7300,2.6700,2.7000,2.6800,56795891,153379651.4900,3,0.404100,1,0.746300,0
194,2022-10-26,sh.600606,2.7100,2.7500,2.7000,2.7300,2.7000,44695917,122115014.4500,3,0.318000,1,1.111100,0
195,2022-10-27,sh.600606,2.7400,2.7800,2.7300,2.7600,2.7300,45027562,124318230.5700,3,0.320400,1,1.098900,0
196,2022-10-28,sh.600606,2.7500,2.7500,2.6700,2.6700,2.7600,49274592,133676940.6600,3,0.350600,1,-3.260900,0
197,2022-10-31,sh.600606,2.6700,2.6800,2.6000,2.6200,2.6700,72716517,191126276.4400,3,0.517400,1,-1.872700,0
198,2022-11-01,sh.600606,2.5700,2.6400,2.5500,2.6400,2.6200,89286395,232145547.4000,3,0.635300,1,0.763400,0
199,2022-11-02,sh.600606,2.6100,2.6700,2.6000,2.6600,2.6400,78267847,206995618.8300,3,0.556900,1,0.757600,0
200,2022-11-03,sh.600606,2.6400,2.6500,2.6000,2.6200,2.6600,54153913,141911723.3300,3,0.385300,1,-1.503800,0
201,2022-11-04,sh.600606,2.6100,2.6700,2.6100,2.6700,2.6200,58466514,154847203.1300,3,0.416000,1,1.908400,0
202,2022-11-07,sh.600606,2.6700,2.7300,2.6500,2.7100,2.6700,68836713,185332888.1000,3,0.489800,1,1.498100,0
203,2022-11-08,sh.600606,2.7100,2.7200,2.6700,2.6800,2.7100,59298727,159604865.9100,3,0.421900,1,-1.107000,0
204,2022-11-09,sh.600606,2.7200,2.8100,2.7100,2.7600,2.6800,126683856,350774717.4600,3,0.901400,1,2.985100,0
205,2022-11-10,sh.600606,2.7300,2.7900,2.6900,2.7800,2.7600,81108167,223011236.1900,3,0.577100,1,0.724600,0
206,2022-11-11,sh.600606,2.8300,3.0600,2.8100,3.0600,2.7800,212669128,624387601.7100,3,1.513200,1,10.071900,0
207,2022-11-14,sh.600606,3.2800,3.3000,3.0800,3.1400,3.0600,402790659,1285298194.7300,3,2.866000,1,2.614400,0
208,2022-11-15,sh.600606,3.1000,3.2000,3.0800,3.1100,3.1400,250079014,781694482.8800,3,1.779400,1,-0.955400,0
209,2022-11-16,sh.600606,3.0900,3.1100,3.0100,3.0400,3.1100,171740103,525055936.4000,3,1.222000,1,-2.250800,0
210,2022-11-17,sh.600606,3.0300,3.0700,2.9900,3.0300,3.0400,109815918,332086409.2100,3,0.781400,1,-0.328900,0
211,2022-11-18,sh.600606,3.0200,3.0400,2.9700,2.9900,3.0300,98120379,294467221.7500,3,0.698200,1,-1.320100,0
212,2022-11-21,sh.600606,2.9700,2.9900,2.8700,2.9100,2.9900,102508503,298351433.6400,3,0.729400,1,-2.675600,0
213,2022-11-22,sh.600606,2.9500,2.9700,2.9000,2.9200,2.9100,89570183,262687215.6800,3,0.637300,1,0.343600,0
214,2022-11-23,sh.600606,2.9000,2.9600,2.9000,2.9300,2.9200,63728909,186729740.8400,3,0.453500,1,0.342500,0
215,2022-11-24,sh.600606,2.9800,3.0200,2.9400,2.9500,2.9300,118298493,351845619.9500,3,0.841700,1,0.682600,0
216,2022-11-25,sh.600606,2.9800,3.1800,2.9700,3.1400,2.9500,250836843,774805229.4000,3,1.784800,1,6.440700,0
217,2022-11-28,sh.600606,3.0700,3.1300,3.0100,3.0900,3.1400,144208117,443800698.7900,3,1.026100,1,-1.592400,0
218,2022-11-29,sh.600606,3.3000,3.4000,3.1800,3.4000,3.0900,342286597,1134758899.8900,3,2.435500,1,10.032400,0
219,2022-11-30,sh.600606,3.4800,3.6800,3.4000,3.4400,3.4000,431317988,1521738763.8200,3,3.069000,1,1.176500,0
220,2022-12-01,sh.600606,3.4400,3.5100,3.3400,3.3700,3.4400,253757330,869430983.0800,3,1.805600,1,-2.034900,0
221,2022-12-02,sh.600606,3.3600,3.3600,3.2500,3.3000,3.3700,135945942,446744488.1600,3,0.967300,1,-2.077200,0
222,2022-12-05,sh.600606,3.3100,3.3900,3.3100,3.3300,3.3000,137546420,460151327.4400,3,0.978700,1,0.909100,0
223,2022-12-06,sh.600606,3.3200,3.3400,3.2600,3.2900,3.3300,85427063,281584479.3100,3,0.607800,1,-1.201200,0
224,2022-12-07,sh.600606,3.3000,3.3300,3.2000,3.2500,3.2900,119910301,389797619.2300,3,0.853200,1,-1.215800,0
225,2022-12-08,sh.600606,3.2400,3.3300,3.2300,3.3000,3.2500,126463761,416143411.8900,3,0.899800,1,1.538500,0
226,2022-12-09,sh.600606,3.3200,3.3900,3.2800,3.3700,3.3000,148624961,497259364.0500,3,1.057500,1,2.121200,0
227,2022-12-12,sh.600606,3.3400,3.3400,3.2100,3.2100,3.3700,114432150,373706106.1000,3,0.814200,1,-4.747800,0
228,2022-12-13,sh.600606,3.2100,3.3100,3.2000,3.2800,3.2100,90547759,295763895.4600,3,0.644300,1,2.180700,0
229,2022-12-14,sh.600606,3.2700,3.2800,3.2300,3.2400,3.2800,60876319,198199179.5200,3,0.433200,1,-1.219500,0
230,2022-12-15,sh.600606,3.2400,3.2700,3.1800,3.2400,3.2400,62174233,200453514.9100,3,0.442400,1,0.000000,0
231,2022-12-16,sh.600606,3.3000,3.3700,3.2300,3.3000,3.2400,111869244,369446924.2300,3,0.796000,1,1.851900,0
232,2022-12-19,sh.600606,3.3100,3.3800,3.1800,3.2000,3.3000,106296844,348079310.6300,3,0.756300,1,-3.030300,0
233,2022-12-20,sh.600606,3.2000,3.2000,3.0800,3.0900,3.2000,85443435,266595061.0200,3,0.608000,1,-3.437500,0
234,2022-12-21,sh.600606,3.0800,3.1500,3.0700,3.0900,3.0900,60332718,187589579.6500,3,0.429300,1,0.000000,0
235,2022-12-22,sh.600606,3.1400,3.1900,3.0800,3.0900,3.0900,72943669,228684872.9700,3,0.519000,1,0.000000,0
236,2022-12-23,sh.600606,3.0800,3.1300,3.0600,3.0800,3.0900,56499499,175279194.4800,3,0.402000,1,-0.323600,0
237,2022-12-26,sh.600606,3.0800,3.0900,2.9900,3.0000,3.0800,101348863,305388957.6900,3,0.721100,1,-2.597400,0
238,2022-12-27,sh.600606,3.0100,3.0800,3.0000,3.0500,3.0000,111541184,339128951.0400,3,0.793600,1,1.666700,0
239,2022-12-28,sh.600606,3.0300,3.0800,2.9900,3.0700,3.0500,80776806,246082766.7400,3,0.574800,1,0.655700,0
240,2022-12-29,sh.600606,3.0600,3.0600,2.9500,2.9600,3.0700,81284778,242605778.4400,3,0.578400,1,-3.583100,0
241,2022-12-30,sh.600606,2.9800,2.9900,2.9300,2.9800,2.9600,55374434,164289383.5400,3,0.394000,1,0.675700,0
242,2023-01-03,sh.600606,2.9800,3.0200,2.9500,3.0000,2.9800,68420462,204523708.1700,3,0.486800,1,0.671100,0
243,2023-01-04,sh.600606,2.9900,3.1600,2.9800,3.1500,3.0000,142165750,440229675.2100,3,1.011600,1,5.000000,0
244,2023-01-05,sh.600606,3.1600,3.1700,3.0800,3.1100,3.1500,90584121,281503445.9900,3,0.644500,1,-1.269800,0
245,2023-01-06,sh.600606,3.1600,3.1700,3.0500,3.0700,3.1100,87310061,269912556.6500,3,0.621200,1,-1.286200,0
246,2023-01-09,sh.600606,3.0800,3.1000,3.0300,3.0400,3.0700,63581251,194821795.7400,3,0.452400,1,-0.977200,0
247,2023-01-10,sh.600606,3.0400,3.0500,3.0000,3.0100,3.0400,54955392,166055914.1300,3,0.391000,1,-0.986800,0
248,2023-01-11,sh.600606,3.0300,3.0700,3.0000,3.0100,3.0100,61414419,186262274.4900,3,0.437000,1,0.000000,0
249,2023-01-12,sh.600606,3.0000,3.0100,2.9300,2.9500,3.0100,79352781,234736184.0100,3,0.564600,1,-1.993400,0
250,2023-01-13,sh.600606,2.9500,2.9700,2.9400,2.9700,2.9500,47126574,139279930.0900,3,0.335300,1,0.678000,0
251,2023-01-16,sh.600606,2.9800,3.0400,2.9500,3.0200,2.9700,83081325,248919949.1700,3,0.591100,1,1.683500,0
252,2023-01-17,sh.600606,3.0100,3.0200,2.9800,3.0000,3.0200,44014548,132173387.1900,3,0.313200,1,-0.662300,0
253,2023-01-18,sh.600606,3.0100,3.0500,3.0000,3.0100,3.0000,45688010,137697756.8000,3,0.325100,1,0.333300,0
254,2023-01-19,sh.600606,2.9900,3.0400,2.9700,3.0400,3.0100,53660873,161301954.3400,3,0.381800,1,0.996700,0
255,2023-01-20,sh.600606,3.0300,3.0800,3.0200,3.0800,3.0400,62349769,190530100.4100,3,0.443600,1,1.315800,0
256,2023-01-30,sh.600606,3.1200,3.1400,3.0700,3.0800,3.0800,78932946,244917266.7500,3,0.561600,1,0.000000,0
257,2023-01-31,sh.600606,3.0500,3.1300,3.0300,3.1300,3.0800,82956170,256361257.8800,3,0.590300,1,1.623400,0
258,2023-02-01,sh.600606,3.1200,3.1400,3.0800,3.1300,3.1300,78590219,244042105.6900,3,0.559200,1,0.000000,0
259,2023-02-02,sh.600606,3.1200,3.1600,3.0900,3.1300,3.1300,76639830,239247154.6000,3,0.545300,1,0.000000,0
260,2023-02-03,sh.600606,3.1200,3.1200,3.0600,3.0800,3.1300,64342147,198609862.2900,3,0.457800,1,-1.597400,0
261,2023-02-06,sh.600606,3.0600,3.0700,3.0300,3.0300,3.0800,61326721,186594158.6800,3,0.436400,1,-1.623400,0
262,2023-02-07,sh.600606,3.0400,3.0800,3.0300,3.0700,3.0300,57369236,175685030.2200,3,0.408200,1,1.320100,0
263,2023-02-08,sh.600606,3.0600,3.1000,3.0300,3.0400,3.0700,48330345,147971669.9700,3,0.343900,1,-0.977200,0
264,2023-02-09,sh.600606,3.0400,3.0700,3.0200,3.0700,3.0400,39832309,121464658.8000,3,0.283400,1,0.986800,0
265,2023-02-10,sh.600606,3.0500,3.1100,3.0500,3.0900,3.0700,65493464,202082555.5300,3,0.466000,1,0.651500,0
266,2023-02-13,sh.600606,3.0900,3.1200,3.0600,3.1100,3.0900,65933922,203731105.7100,3,0.469100,1,0.647200,0
267,2023-02-14,sh.600606,3.1400,3.3000,3.1300,3.1800,3.1100,161319645,518657593.8600,3,1.147800,1,2.250800,0
268,2023-02-15,sh.600606,3.1600,3.1800,3.1200,3.1500,3.1800,85164295,268215241.4400,3,0.606000,1,-0.943400,0
269,2023-02-16,sh.600606,3.1400,3.2000,3.0800,3.1000,3.1500,92862334,292927709.0400,3,0.660700,1,-1.587300,0
270,2023-02-17,sh.600606,3.1100,3.1400,3.0700,3.0700,3.1000,72053555,223958645.0800,3,0.512700,1,-0.967700,0
271,2023-02-20,sh.600606,3.0900,3.1400,3.0700,3.1400,3.0700,72974091,226763268.9800,3,0.519200,1,2.280100,0
272,2023-02-21,sh.600606,3.2000,3.2200,3.1400,3.1700,3.1400,93674486,297575825.9700,3,0.666500,1,0.955400,0
273,2023-02-22,sh.600606,3.1500,3.1700,3.1400,3.1500,3.1700,49331384,155577409.0900,3,0.351000,1,-0.630900,0
274,2023-02-23,sh.600606,3.1500,3.1900,3.1200,3.1500,3.1500,67341734,212594456.6600,3,0.479200,1,0.000000,0
275,2023-02-24,sh.600606,3.1500,3.1500,3.0900,3.1200,3.1500,56946152,177393476.6100,3,0.405200,1,-0.952400,0
276,2023-02-27,sh.600606,3.1200,3.1400,3.0900,3.0900,3.1200,43312309,134805822.4300,3,0.308200,1,-0.961500,0
277,2023-02-28,sh.600606,3.1000,3.1200,3.0700,3.1200,3.0900,46421374,143625461.9000,3,0.330300,1,0.970900,0
278,2023-03-01,sh.600606,3.1100,3.1400,3.1000,3.1400,3.1200,51176405,160016917.1300,3,0.364100,1,0.641000,0
279,2023-03-02,sh.600606,3.1300,3.1800,3.1200,3.1500,3.1400,51596094,162427331.2600,3,0.367100,1,0.318500,0
280,2023-03-03,sh.600606,3.1500,3.2000,3.1300,3.1800,3.1500,58436059,185029185.0500,3,0.415800,1,0.952400,0
281,2023-03-06,sh.600606,3.1700,3.1900,3.1200,3.1300,3.1800,54022275,169959703.6400,3,0.384400,1,-1.572300,0
282,2023-03-07,sh.600606,3.1200,3.1500,3.0700,3.0700,3.1300,66375801,206378671.3500,3,0.472300,1,-1.916900,0
283,2023-03-08,sh.600606,3.0700,3.0800,3.0500,3.0800,3.0700,39658501,121652915.1200,3,0.282200,1,0.325700,0
284,2023-03-09,sh.600606,3.0800,3.1000,3.0600,3.0600,3.0800,34804785,106960636.6000,3,0.247600,1,-0.649400,0
285,2023-03-10,sh.600606,3.0400,3.0500,3.0000,3.0100,3.0600,52806650,159609671.6900,3,0.375700,1,-1.634000,0
286,2023-03-13,sh.600606,2.9900,3.0200,2.9700,2.9900,3.0100,48025200,143544864.6400,3,0.341700,1,-0.664500,0
287,2023-03-14,sh.600606,2.9800,3.0000,2.9300,2.9600,2.9900,47875094,141884163.6500,3,0.340600,1,-1.003300,0
288,2023-03-15,sh.600606,2.9700,3.0200,2.9600,3.0100,2.9600,44746443,133854916.1200,3,0.318400,1,1.689200,0
289,2023-03-16,sh.600606,2.9900,3.0200,2.9800,2.9800,3.0100,38166679,114369447.2700,3,0.271600,1,-0.996700,0
290,2023-03-17,sh.600606,3.0000,3.0200,2.9800,2.9900,2.9800,38805338,116392944.2000,3,0.276100,1,0.335600,0
291,2023-03-20,sh.600606,3.0100,3.0300,2.9600,2.9700,2.9900,43289384,129592356.6700,3,0.308000,1,-0.668900,0
292,2023-03-21,sh.600606,2.9700,2.9900,2.9500,2.9700,2.9700,36706777,108803154.3600,3,0.261200,1,0.000000,0
293,2023-03-22,sh.600606,2.9800,3.0000,2.9600,2.9900,2.9700,37849681,113015391.9500,3,0.269300,1,0.673400,0
294,2023-03-23,sh.600606,2.9800,2.9900,2.9600,2.9800,2.9900,28246830,84022800.7100,3,0.201000,1,-0.334400,0
295,2023-03-24,sh.600606,2.9800,3.0400,2.9700,3.0300,2.9800,59096190,177510236.6500,3,0.420500,1,1.677900,0
296,2023-03-27,sh.600606,3.0200,3.0200,2.9600,2.9700,3.0300,51533338,153613871.4600,3,0.366700,1,-1.980200,0
297,2023-03-28,sh.600606,2.9700,2.9800,2.9400,2.9500,2.9700,38010325,112602231.2500,3,0.270500,1,-0.673400,0
298,2023-03-29,sh.600606,2.9600,2.9600,2.9100,2.9100,2.9500,40552976,118804955.6500,3,0.288500,1,-1.355900,0
299,2023-03-30,sh.600606,2.9100,2.9200,2.8700,2.8900,2.9100,44652247,128919555.0600,3,0.317700,1,-0.687300,0
300,2023-03-31,sh.600606,2.8900,2.9100,2.8800,2.8800,2.8900,32934946,95294478.4700,3,0.234300,1,-0.346000,0
301,2023-04-03,sh.600606,2.8800,2.9300,2.8600,2.9100,2.8800,49875346,144992447.8300,3,0.354900,1,1.041700,0
302,2023-04-04,sh.600606,2.9200,2.9300,2.8900,2.9100,2.9100,34742095,100914920.5900,3,0.247200,1,0.000000,0
303,2023-04-06,sh.600606,2.9000,2.9100,2.8800,2.8900,2.9100,30137479,87059477.8300,3,0.214400,1,-0.687300,0
304,2023-04-07,sh.600606,2.8900,2.9800,2.8900,2.9700,2.8900,66641460,197055225.9600,3,0.474200,1,2.768200,0
305,2023-04-10,sh.600606,2.9600,2.9600,2.9200,2.9300,2.9700,47605761,140070254.3100,3,0.338700,1,-1.346800,0
306,2023-04-11,sh.600606,2.9300,2.9900,2.9100,2.9800,2.9300,57188696,169838941.2600,3,0.406900,1,1.706500,0
307,2023-04-12,sh.600606,2.9800,3.0300,2.9700,3.0200,2.9800,64002254,192026977.4700,3,0.455400,1,1.342300,0
308,2023-04-13,sh.600606,3.0100,3.0400,3.0000,3.0200,3.0200,38415872,115951744.6000,3,0.273300,1,0.000000,0
309,2023-04-14,sh.600606,3.0200,3.0300,2.9900,3.0000,3.0200,35341160,106387742.3800,3,0.251500,1,-0.662300,0
310,2023-04-17,sh.600606,3.0000,3.0400,2.9900,3.0400,3.0000,41170556,124467793.1000,3,0.292900,1,1.333300,0
311,2023-04-18,sh.600606,3.0300,3.0600,3.0100,3.0200,3.0400,33076284,100354157.4300,3,0.235300,1,-0.657900,0
312,2023-04-19,sh.600606,3.0200,3.0300,2.9700,2.9700,3.0200,41150621,123135316.9200,3,0.292800,1,-1.655600,0
313,2023-04-20,sh.600606,2.9400,2.9700,2.9200,2.9400,2.9700,36211150,106418007.7700,3,0.257700,1,-1.010100,0
314,2023-04-21,sh.600606,2.9500,2.9900,2.8900,2.8900,2.9400,43435634,127353789.0800,3,0.309100,1,-1.700700,0
315,2023-04-24,sh.600606,2.8900,2.8900,2.7800,2.8000,2.8900,60905260,172331522.4400,3,0.433400,1,-3.114200,0
316,2023-04-25,sh.600606,2.8000,2.8100,2.7300,2.7800,2.8000,46287294,128203094.1300,3,0.329300,1,-0.714300,0
317,2023-04-26,sh.600606,2.7600,2.8000,2.7300,2.7800,2.7800,32932534,91132835.8500,3,0.234300,1,0.000000,0
318,2023-04-27,sh.600606,2.7800,2.8000,2.7600,2.7800,2.7800,28570258,79449662.5900,3,0.203300,1,0.000000,0
319,2023-04-28,sh.600606,2.7800,2.8400,2.7800,2.8300,2.7800,32769951,92217142.5100,3,0.233200,1,1.798600,0
320,2023-05-04,sh.600606,2.8500,2.9800,2.8400,2.9400,2.8300,74498791,217646761.3500,3,0.530100,1,3.886900,0
321,2023-05-05,sh.600606,2.9300,3.0500,2.9300,3.0400,2.9400,96539464,289776738.4500,3,0.686900,1,3.401400,0
322,2023-05-08,sh.600606,3.0500,3.0900,2.9900,3.0800,3.0400,91161628,277499211.0000,3,0.648600,1,1.315800,0
323,2023-05-09,sh.600606,3.0900,3.2100,3.0700,3.0900,3.0800,145221668,455383660.6400,3,1.033300,1,0.324700,0
324,2023-05-10,sh.600606,3.0900,3.1200,3.0400,3.0700,3.0900,72079211,221691937.5100,3,0.512900,1,-0.647200,0
325,2023-05-11,sh.600606,3.0700,3.1700,3.0700,3.1200,3.0700,70016765,219420304.8400,3,0.498200,1,1.628700,0
326,2023-05-12,sh.600606,3.1200,3.1800,3.1100,3.1200,3.1200,64395909,202408517.9000,3,0.458200,1,0.000000,0
327,2023-05-15,sh.600606,3.1300,3.1500,3.0700,3.1500,3.1200,51354851,159820287.2900,3,0.365400,1,0.961500,0
328,2023-05-16,sh.600606,3.1400,3.1500,3.0800,3.0900,3.1500,53220730,165722382.3100,3,0.378700,1,-1.904800,0
329,2023-05-17,sh.600606,3.0900,3.1200,3.0600,3.0800,3.0900,38381280,118372952.5100,3,0.273100,1,-0.323600,0
330,2023-05-18,sh.600606,3.1000,3.1100,3.0300,3.0400,3.0800,39774337,122039009.8600,3,0.283000,1,-1.298700,0
331,2023-05-19,sh.600606,3.0500,3.0700,2.9900,3.0000,3.0400,40120298,121031272.7000,3,0.285500,1,-1.315800,0
332,2023-05-22,sh.600606,2.9900,3.0000,2.9400,2.9600,3.0000,46082251,136726572.5800,3,0.327900,1,-1.333300,0
333,2023-05-23,sh.600606,2.9600,3.0000,2.9300,2.9300,2.9600,37857291,112071159.9500,3,0.269400,1,-1.013500,0
334,2023-05-24,sh.600606,2.9200,2.9400,2.8400,2.8500,2.9300,51604585,148515383.1300,3,0.367200,1,-2.730400,0
335,2023-05-25,sh.600606,2.8400,2.8800,2.8200,2.8500,2.8500,47986335,136387395.2600,3,0.341400,1,0.000000,0
336,2023-05-26,sh.600606,2.8400,2.9000,2.8300,2.8800,2.8500,43619368,125251327.3800,3,0.310400,1,1.052600,0
337,2023-05-29,sh.600606,2.8700,2.9100,2.8500,2.8600,2.8800,35690165,102707776.0400,3,0.253900,1,-0.694400,0
338,2023-05-30,sh.600606,2.8500,2.9100,2.8100,2.9000,2.8600,52122174,148521695.3200,3,0.370900,1,1.398600,0
339,2023-05-31,sh.600606,2.8900,2.9300,2.8400,2.9300,2.9000,97023487,280802726.2000,3,0.690400,1,1.034500,0
340,2023-06-01,sh.600606,2.8900,2.9000,2.8100,2.8300,2.9300,94610584,268523104.2400,3,0.673200,1,-3.413000,0
341,2023-06-02,sh.600606,2.8300,2.9100,2.8200,2.9000,2.8300,89644361,257105496.0400,3,0.637800,1,2.473500,0
342,2023-06-05,sh.600606,2.8900,2.9000,2.8600,2.8800,2.9000,46031808,132464115.6800,3,0.327500,1,-0.689700,0
343,2023-06-06,sh.600606,2.8900,2.9500,2.8600,2.8700,2.8800,70986287,206546272.0200,3,0.505100,1,-0.347200,0
344,2023-06-07,sh.600606,2.8800,2.9500,2.8600,2.9000,2.8700,54442629,158246240.1800,3,0.387400,1,1.045300,0
345,2023-06-08,sh.600606,2.8900,2.9600,2.8700,2.9500,2.9000,68355101,200305170.5300,3,0.486400,1,1.724100,0
346,2023-06-09,sh.600606,2.9400,2.9600,2.9100,2.9400,2.9500,44231925,129700150.5600,3,0.314700,1,-0.339000,0
347,2023-06-12,sh.600606,2.9200,2.9500,2.8800,2.9200,2.9400,43278252,126118327.7200,3,0.307900,1,-0.680300,0
348,2023-06-13,sh.600606,2.9200,2.9600,2.8900,2.9000,2.9200,39641319,115854663.3500,3,0.282100,1,-0.684900,0
349,2023-06-14,sh.600606,2.9100,2.9300,2.8600,2.8700,2.9000,35490035,102677578.9000,3,0.252500,1,-1.034500,0
350,2023-06-15,sh.600606,2.8800,2.9100,2.8600,2.9000,2.8700,40948322,118162040.6600,3,0.291400,1,1.045300,0
351,2023-06-16,sh.600606,2.9000,2.9400,2.8900,2.9000,2.9000,38780441,112933166.6500,3,0.275900,1,0.000000,0
352,2023-06-19,sh.600606,2.9000,2.9100,2.8100,2.8100,2.9000,65239088,184974843.2400,3,0.464200,1,-3.103400,0
353,2023-06-20,sh.600606,2.8100,2.8100,2.7400,2.7600,2.8100,63510736,176120507.8500,3,0.451900,1,-1.779400,0
354,2023-06-21,sh.600606,2.7600,2.7800,2.7200,2.7200,2.7600,50248879,137739106.1900,3,0.357500,1,-1.449300,0
355,2023-06-26,sh.600606,2.7100,2.7200,2.6500,2.6700,2.7200,48741764,130599788.3300,3,0.346800,1,-1.838200,0
356,2023-06-27,sh.600606,2.6700,2.7800,2.6600,2.7700,2.6700,63873561,174531404.1900,3,0.454500,1,3.745300,0
357,2023-06-28,sh.600606,2.7600,2.7700,2.7400,2.7600,2.7700,32896510,90642931.2900,3,0.234100,1,-0.361000,0
358,2023-06-29,sh.600606,2.7600,2.7600,2.7200,2.7400,2.7600,28176144,77117298.2900,3,0.200500,1,-0.724600,0
359,2023-06-30,sh.600606,2.7300,2.7800,2.7200,2.7500,2.7400,33963634,93678778.5300,3,0.241700,1,0.365000,0
360,2023-07-03,sh.600606,2.7600,2.7900,2.7500,2.7800,2.7500,33947705,94220409.8300,3,0.241500,1,1.090900,0
361,2023-07-04,sh.600606,2.7700,2.8100,2.7500,2.7800,2.7800,39929449,110727677.3700,3,0.284100,1,0.000000,0
362,2023-07-05,sh.600606,2.7700,2.8100,2.7600,2.7800,2.7800,33812377,94122646.3400,3,0.240600,1,0.000000,0
363,2023-07-06,sh.600606,2.7700,2.8100,2.7600,2.7900,2.7800,34241991,95356079.7900,3,0.243600,1,0.359700,0
364,2023-07-07,sh.600606,2.7900,2.8300,2.7800,2.7900,2.7900,30691033,86040499.7400,3,0.218400,1,0.000000,0
365,2023-07-10,sh.600606,2.7900,2.8000,2.7700,2.7900,2.7900,23715776,66107453.1500,3,0.168700,1,0.000000,0
366,2023-07-11,sh.600606,2.8100,2.8500,2.7900,2.7900,2.7900,27396543,77044991.4600,3,0.194900,1,0.000000,0
367,2023-07-12,sh.600606,2.7900,2.8100,2.7500,2.7600,2.7900,34548254,95717424.1000,3,0.245800,1,-1.075300,0
368,2023-07-13,sh.600606,2.7600,2.8000,2.7600,2.7900,2.7600,23233609,64608583.4300,3,0.165300,1,1.087000,0
369,2023-07-14,sh.600606,2.7900,2.8000,2.7700,2.7800,2.7900,24382213,67847149.8400,3,0.173500,1,-0.358400,0
370,2023-07-17,sh.600606,2.7800,2.7900,2.7500,2.7700,2.7800,25106173,69541256.7800,3,0.178600,1,-0.359700,0
371,2023-07-18,sh.600606,2.7600,2.8000,2.7600,2.7800,2.7700,27237305,75736803.1000,3,0.193800,1,0.361000,0
372,2023-07-19,sh.600606,2.7800,2.8300,2.7700,2.8200,2.7800,50696596,142534643.4400,3,0.360700,1,1.438800,0
373,2023-07-20,sh.600606,2.8300,2.8600,2.8200,2.8400,2.8200,46424582,131964128.1000,3,0.330300,1,0.709200,0
374,2023-07-21,sh.600606,2.8300,2.9000,2.8200,2.8900,2.8400,71446288,205429048.9100,3,0.508400,1,1.760600,0
375,2023-07-24,sh.600606,2.9300,2.9400,2.8500,2.9000,2.8900,68888217,199218048.9600,3,0.490200,1,0.346000,0
376,2023-07-25,sh.600606,2.9200,3.0800,2.9200,3.0600,2.9000,155790450,471040677.0100,3,1.108500,1,5.517200,0
377,2023-07-26,sh.600606,3.0700,3.1800,3.0500,3.1500,3.0600,196788989,616012816.1300,3,1.400200,1,2.941200,0
378,2023-07-27,sh.600606,3.1000,3.2200,3.0600,3.1500,3.1500,167870640,528597175.2100,3,1.194500,1,0.000000,0
379,2023-07-28,sh.600606,3.1500,3.2400,3.1400,3.2200,3.1500,134455586,429256351.3800,3,0.956700,1,2.222200,0
380,2023-07-31,sh.600606,3.2500,3.3000,3.2200,3.2400,3.2200,125395055,408758936.0400,3,0.892200,1,0.621100,0
381,2023-08-01,sh.600606,3.2300,3.2900,3.1900,3.2300,3.2400,105077396,340535835.3800,3,0.747700,1,-0.308600,0
382,2023-08-02,sh.600606,3.2300,3.3700,3.2200,3.2700,3.2300,148871209,490828869.0300,3,1.059300,1,1.238400,0
383,2023-08-03,sh.600606,3.2700,3.3200,3.2100,3.3100,3.2700,111819235,366109926.5500,3,0.795600,1,1.223200,0
384,2023-08-04,sh.600606,3.3700,3.3900,3.2800,3.2900,3.3100,100253458,332683918.1800,3,0.713300,1,-0.604200,0
385,2023-08-07,sh.600606,3.2700,3.2700,3.1800,3.2000,3.2900,92473434,297073526.1600,3,0.658000,1,-2.735600,0
386,2023-08-08,sh.600606,3.2100,3.2400,3.1500,3.1600,3.2000,62293909,198372835.0500,3,0.443200,1,-1.250000,0
387,2023-08-09,sh.600606,3.1600,3.2000,3.1300,3.1400,3.1600,55268110,174497455.3000,3,0.393200,1,-0.632900,0
388,2023-08-10,sh.600606,3.1500,3.1800,3.1300,3.1500,3.1400,41583048,130977161.3400,3,0.295900,1,0.318500,0
389,2023-08-11,sh.600606,3.1700,3.2100,3.0900,3.1000,3.1500,83612707,261836654.6100,3,0.594900,1,-1.587300,0
390,2023-08-14,sh.600606,3.0500,3.0800,3.0000,3.0600,3.1000,59772663,181997737.6000,3,0.425300,1,-1.290300,0
391,2023-08-15,sh.600606,3.0700,3.0800,3.0200,3.0500,3.0600,46417901,141683943.2000,3,0.330300,1,-0.326800,0
392,2023-08-16,sh.600606,3.0400,3.1400,3.0200,3.0800,3.0500,62390004,192070436.3300,3,0.443900,1,0.983600,0
393,2023-08-17,sh.600606,3.0700,3.1100,3.0300,3.0700,3.0800,57212442,175236944.7900,3,0.407100,1,-0.324700,0
394,2023-08-18,sh.600606,3.0500,3.1000,3.0100,3.0100,3.0700,53776100,164055516.7800,3,0.382600,1,-1.954400,0
395,2023-08-21,sh.600606,3.0100,3.0300,2.9400,2.9400,3.0100,59220360,176756364.8800,3,0.421400,1,-2.325600,0
396,2023-08-22,sh.600606,2.9500,2.9600,2.9000,2.9500,2.9400,58129936,170332754.4200,3,0.413600,1,0.340100,0
397,2023-08-23,sh.600606,2.9400,2.9500,2.8900,2.8900,2.9500,42092175,122913695.1000,3,0.299500,1,-2.033900,0
398,2023-08-24,sh.600606,2.9100,2.9100,2.8300,2.8400,2.8900,49306023,141192080.9400,3,0.350800,1,-1.730100,0
399,2023-08-25,sh.600606,2.8400,2.9100,2.8200,2.8600,2.8400,56892752,162756169.6800,3,0.404800,1,0.704200,0
400,2023-08-28,sh.600606,3.0600,3.1200,2.9900,3.0200,2.8600,136738238,417767468.9800,3,0.972900,1,5.594400,0
401,2023-08-29,sh.600606,3.0300,3.0700,2.9700,3.0600,3.0200,111650954,338101333.3800,3,0.794400,1,1.324500,0
402,2023-08-30,sh.600606,3.0600,3.1100,3.0300,3.0700,3.0600,88318889,271010930.7200,3,0.628400,1,0.326800,0
403,2023-08-31,sh.600606,3.0600,3.0700,2.9100,2.9300,3.0700,82151741,243789310.2100,3,0.584500,1,-4.560300,0
404,2023-09-01,sh.600606,2.9600,2.9800,2.9000,2.9200,2.9300,60389273,177310079.0600,3,0.429700,1,-0.341300,0
405,2023-09-04,sh.600606,2.9300,2.9800,2.9100,2.9300,2.9200,86214537,253670971.0200,3,0.613400,1,0.342500,0
406,2023-09-05,sh.600606,2.9300,2.9300,2.8400,2.8500,2.9300,71447576,204407865.5000,3,0.508400,1,-2.730400,0
407,2023-09-06,sh.600606,2.8400,2.9000,2.8200,2.8800,2.8500,73003679,208640083.1600,3,0.519400,1,1.052600,0
408,2023-09-07,sh.600606,2.8700,2.9000,2.8200,2.8200,2.8800,67876507,194092006.4800,3,0.483000,1,-2.083300,0
409,2023-09-08,sh.600606,2.8100,2.8200,2.7700,2.8000,2.8200,43666577,121961262.8600,3,0.310700,1,-0.709200,0
410,2023-09-11,sh.600606,2.8000,2.8300,2.7700,2.8100,2.8000,51303920,143587140.4000,3,0.365000,1,0.357100,0
411,2023-09-12,sh.600606,2.8000,2.8200,2.7900,2.8000,2.8100,44945752,125969559.3500,3,0.319800,1,-0.355900,0
412,2023-09-13,sh.600606,2.8000,2.8400,2.7900,2.8200,2.8000,54532141,153261023.1900,3,0.388000,1,0.714300,0
413,2023-09-14,sh.600606,2.8100,2.8200,2.7700,2.7900,2.8200,39425000,110024895.9300,3,0.280500,1,-1.063800,0
414,2023-09-15,sh.600606,2.8000,2.8200,2.7900,2.8100,2.7900,52067177,146066231.9000,3,0.370500,1,0.716800,0
415,2023-09-18,sh.600606,2.8000,2.8100,2.7500,2.7800,2.8100,52677163,146190876.9600,3,0.374800,1,-1.067600,0
416,2023-09-19,sh.600606,2.7700,2.8000,2.7600,2.7800,2.7800,40258742,112016257.7400,3,0.286500,1,0.000000,0
417,2023-09-20,sh.600606,2.7800,2.8000,2.7600,2.7800,2.7800,42566174,118505570.0100,3,0.302900,1,0.000000,0
418,2023-09-21,sh.600606,2.7800,2.8100,2.7700,2.7800,2.7800,43369485,121041005.9900,3,0.308600,1,0.000000,0
419,2023-09-22,sh.600606,2.7800,2.8100,2.7600,2.8100,2.7800,39937999,111350165.8000,3,0.284200,1,1.079100,0
420,2023-09-25,sh.600606,2.8100,2.8100,2.7300,2.7400,2.8100,56819172,157076635.9400,3,0.404300,1,-2.491100,0
421,2023-09-26,sh.600606,2.7300,2.7500,2.7200,2.7300,2.7400,27114885,74193231.4100,3,0.192900,1,-0.365000,0
422,2023-09-27,sh.600606,2.7300,2.7600,2.7300,2.7400,2.7300,24975599,68540607.7600,3,0.177700,1,0.366300,0
423,2023-09-28,sh.600606,2.7500,2.7700,2.7400,2.7400,2.7400,28865749,79394694.1800,3,0.205400,1,0.000000,0
424,2023-10-09,sh.600606,2.7300,2.7400,2.6500,2.6500,2.7400,55027081,147085627.8700,3,0.391500,1,-3.284700,0
425,2023-10-10,sh.600606,2.6600,2.6800,2.6300,2.6400,2.6500,40330380,107007277.6800,3,0.287000,1,-0.377400,0
426,2023-10-11,sh.600606,2.6400,2.6500,2.6100,2.6200,2.6400,35434448,93143325.2100,3,0.252100,1,-0.757600,0
427,2023-10-12,sh.600606,2.6200,2.6500,2.6200,2.6400,2.6200,28283692,74528806.9500,3,0.201200,1,0.763400,0
428,2023-10-13,sh.600606,2.6300,2.6400,2.6000,2.6000,2.6400,32628799,85330726.6200,3,0.232200,1,-1.515200,0
429,2023-10-16,sh.600606,2.6000,2.6200,2.5500,2.5600,2.6000,40540146,104509798.2600,3,0.288500,1,-1.538500,0
430,2023-10-17,sh.600606,2.5700,2.5700,2.5200,2.5500,2.5600,43245607,110124064.9600,3,0.307700,1,-0.390600,0
431,2023-10-18,sh.600606,2.5400,2.5500,2.4900,2.4900,2.5500,40119848,100831443.7800,3,0.285500,1,-2.352900,0
432,2023-10-19,sh.600606,2.4900,2.5300,2.4700,2.4900,2.4900,42976180,107673776.3600,3,0.305800,1,0.000000,0
433,2023-10-20,sh.600606,2.4900,2.5600,2.4700,2.5000,2.4900,51338870,129259946.3900,3,0.365300,1,0.401600,0
434,2023-10-23,sh.600606,2.5000,2.5000,2.4400,2.4600,2.5000,41872590,103266093.2200,3,0.297900,1,-1.600000,0
435,2023-10-24,sh.600606,2.4700,2.5300,2.4500,2.5200,2.4600,47848263,119500827.0500,3,0.340500,1,2.439000,0
436,2023-10-25,sh.600606,2.5400,2.5700,2.5300,2.5500,2.5200,45156823,115031324.8000,3,0.321300,1,1.190500,0
437,2023-10-26,sh.600606,2.5400,2.5500,2.5000,2.5400,2.5500,37485248,94617727.0800,3,0.266700,1,-0.392200,0
438,2023-10-27,sh.600606,2.5300,2.5900,2.5100,2.5600,2.5400,44597864,113884130.3600,3,0.317300,1,0.787400,0
439,2023-10-30,sh.600606,2.5500,2.5700,2.5300,2.5600,2.5600,32077023,81940192.6200,3,0.228200,1,0.000000,0
440,2023-10-31,sh.600606,2.5500,2.5700,2.5100,2.5500,2.5600,46432162,117934838.3900,3,0.330400,1,-0.390600,0
441,2023-11-01,sh.600606,2.5500,2.5600,2.5100,2.5200,2.5500,38254169,96938089.7400,3,0.272200,1,-1.176500,0
442,2023-11-02,sh.600606,2.5300,2.5500,2.5100,2.5100,2.5200,38446372,97274274.8300,3,0.273600,1,-0.396800,0
443,2023-11-03,sh.600606,2.5200,2.5300,2.5000,2.5100,2.5100,31260680,78674728.5200,3,0.222400,1,0.000000,0
444,2023-11-06,sh.600606,2.5200,2.5800,2.5100,2.5800,2.5100,62718225,160123444.0400,3,0.446300,1,2.788800,0
445,2023-11-07,sh.600606,2.5700,2.6400,2.5600,2.5800,2.5800,69352525,179495679.3800,3,0.493500,1,0.000000,0
446,2023-11-08,sh.600606,2.5800,2.6200,2.5700,2.5900,2.5800,41923783,108725716.6900,3,0.298300,1,0.387600,0
447,2023-11-09,sh.600606,2.6000,2.6300,2.5700,2.5700,2.5900,42477051,110429588.0600,3,0.302200,1,-0.772200,0
448,2023-11-10,sh.600606,2.5700,2.5800,2.5300,2.5500,2.5700,34273200,87256586.2100,3,0.243900,1,-0.778200,0
449,2023-11-13,sh.600606,2.5500,2.5700,2.5400,2.5600,2.5500,26430640,67492456.8100,3,0.188100,1,0.392200,0
450,2023-11-14,sh.600606,2.5600,2.5900,2.5500,2.5900,2.5600,32482088,83799970.3600,3,0.231100,1,1.171900,0
451,2023-11-15,sh.600606,2.6100,2.6200,2.5700,2.5800,2.5900,37353244,96998959.0900,3,0.265800,1,-0.386100,0
452,2023-11-16,sh.600606,2.5800,2.5900,2.5500,2.5500,2.5800,26931681,68984262.0200,3,0.191600,1,-1.162800,0
453,2023-11-17,sh.600606,2.5400,2.5700,2.5200,2.5400,2.5500,36217227,91797759.0300,3,0.257700,1,-0.392200,0
454,2023-11-20,sh.600606,2.5500,2.5600,2.5200,2.5400,2.5400,28273754,71917570.1900,3,0.201200,1,0.000000,0
455,2023-11-21,sh.600606,2.5400,2.6200,2.5400,2.5800,2.5400,65783364,170494004.9300,3,0.468100,1,1.574800,0
456,2023-11-22,sh.600606,2.5700,2.6400,2.5600,2.5800,2.5800,74079772,192481709.6800,3,0.527100,1,0.000000,0
457,2023-11-23,sh.600606,2.5700,2.6400,2.5500,2.6300,2.5800,71275462,185770401.4700,3,0.507100,1,1.938000,0
458,2023-11-24,sh.600606,2.6300,2.6500,2.6100,2.6200,2.6300,55849456,146831704.1600,3,0.397400,1,-0.380200,0
459,2023-11-27,sh.600606,2.6100,2.6100,2.5400,2.5500,2.6200,60990655,156179685.1400,3,0.434000,1,-2.671800,0
460,2023-11-28,sh.600606,2.5500,2.5500,2.5200,2.5300,2.5500,36988748,93779733.5200,3,0.263200,1,-0.784300,0
461,2023-11-29,sh.600606,2.5300,2.5400,2.4500,2.4600,2.5300,61357628,152435799.0200,3,0.436600,1,-2.766800,0
462,2023-11-30,sh.600606,2.4700,2.4900,2.4500,2.4700,2.4600,38863184,95995830.2100,3,0.276500,1,0.406500,0
463,2023-12-01,sh.600606,2.4600,2.4900,2.4500,2.4700,2.4700,46729968,115269512.6600,3,0.332500,1,0.000000,0
464,2023-12-04,sh.600606,2.4700,2.4800,2.4000,2.4100,2.4700,63443915,153792856.9100,3,0.451400,1,-2.429100,0
465,2023-12-05,sh.600606,2.4000,2.4100,2.3500,2.3600,2.4100,46706516,111319152.8400,3,0.332300,1,-2.074700,0
466,2023-12-06,sh.600606,2.3500,2.3900,2.3400,2.3700,2.3600,43546384,103257879.6200,3,0.309800,1,0.423700,0
467,2023-12-07,sh.600606,2.3700,2.4100,2.3500,2.4000,2.3700,40714572,97131917.3200,3,0.289700,1,1.265800,0
468,2023-12-08,sh.600606,2.3900,2.4100,2.3700,2.3800,2.4000,42937586,102508535.5100,3,0.305500,1,-0.833300,0
469,2023-12-11,sh.600606,2.3700,2.3700,2.3200,2.3700,2.3800,44177266,103418592.5300,3,0.314300,1,-0.420200,0
470,2023-12-12,sh.600606,2.3700,2.4200,2.3600,2.4200,2.3700,46868371,112218543.9300,3,0.333500,1,2.109700,0
471,2023-12-13,sh.600606,2.4100,2.4100,2.3700,2.3700,2.4200,33692611,80579156.3000,3,0.239700,1,-2.066100,0
472,2023-12-14,sh.600606,2.3800,2.4000,2.3700,2.3700,2.3700,27132246,64756306.8900,3,0.193100,1,0.000000,0
473,2023-12-15,sh.600606,2.3900,2.4300,2.3800,2.4000,2.3700,42973532,103344646.5600,3,0.305800,1,1.265800,0
474,2023-12-18,sh.600606,2.3800,2.4100,2.3300,2.3400,2.4000,47365213,112048981.9300,3,0.337000,1,-2.500000,0
475,2023-12-19,sh.600606,2.3300,2.3400,2.2800,2.3000,2.3400,43591552,100608408.8700,3,0.310200,1,-1.709400,0
476,2023-12-20,sh.600606,2.3000,2.3100,2.2600,2.2700,2.3000,36258910,82808804.9800,3,0.258000,1,-1.304300,0
477,2023-12-21,sh.600606,2.2600,2.3000,2.2500,2.2900,2.2700,39566466,90343612.8800,3,0.281500,1,0.881100,0
478,2023-12-22,sh.600606,2.2900,2.3100,2.2700,2.2900,2.2900,34817699,79615335.8000,3,0.247700,1,0.000000,0
479,2023-12-25,sh.600606,2.2800,2.2900,2.2300,2.2500,2.2900,39453796,88865559.7400,3,0.280700,1,-1.746700,0
480,2023-12-26,sh.600606,2.2400,2.2500,2.1900,2.2000,2.2500,43203764,95803119.4800,3,0.307400,1,-2.222200,0
481,2023-12-27,sh.600606,2.2000,2.2400,2.1900,2.2300,2.2000,38587468,85405121.9200,3,0.274600,1,1.363600,0
482,2023-12-28,sh.600606,2.2300,2.3200,2.2100,2.3100,2.2300,56361225,128286160.9100,3,0.401000,1,3.587400,0
483,2023-12-29,sh.600606,2.3100,2.3300,2.2900,2.3000,2.3100,32359583,74553954.1700,3,0.230200,1,-0.432900,0
484,2024-01-02,sh.600606,2.3000,2.3000,2.2600,2.2700,2.3000,36133360,82179641.5600,3,0.257100,1,-1.304300,0
485,2024-01-03,sh.600606,2.2700,2.3100,2.2600,2.2900,2.2700,34598508,79229646.6400,3,0.246200,1,0.881100,0
486,2024-01-04,sh.600606,2.2800,2.3000,2.2500,2.2700,2.2900,31275234,71076062.7300,3,0.222500,1,-0.873400,0
487,2024-01-05,sh.600606,2.2600,2.3200,2.2600,2.2700,2.2700,37603956,86128399.4200,3,0.267600,1,0.000000,0
488,2024-01-08,sh.600606,2.2700,2.2900,2.2200,2.2200,2.2700,35014196,78766453.3900,3,0.249100,1,-2.202600,0
489,2024-01-09,sh.600606,2.2200,2.2500,2.2000,2.2400,2.2200,32322609,71967310.2800,3,0.230000,1,0.900900,0
490,2024-01-10,sh.600606,2.2300,2.2500,2.2000,2.2300,2.2400,25705207,57265189.0300,3,0.182900,1,-0.446400,0
491,2024-01-11,sh.600606,2.2200,2.2700,2.2200,2.2600,2.2300,27740861,62266935.4700,3,0.197400,1,1.345300,0
492,2024-01-12,sh.600606,2.2500,2.2900,2.2400,2.2600,2.2600,35198330,79880257.0700,3,0.250400,1,0.000000,0
493,2024-01-15,sh.600606,2.2500,2.2900,2.2200,2.2800,2.2600,33020204,74543795.6700,3,0.234900,1,0.885000,0
494,2024-01-16,sh.600606,2.2700,2.2900,2.2400,2.2800,2.2800,38550024,87450010.9200,3,0.274300,1,0.000000,0
495,2024-01-17,sh.600606,2.2800,2.2800,2.2100,2.2200,2.2800,34119441,76478106.4700,3,0.242800,1,-2.631600,0
496,2024-01-18,sh.600606,2.2100,2.2200,2.1200,2.1900,2.2200,67991290,147638898.8700,3,0.483800,1,-1.351400,0
497,2024-01-19,sh.600606,2.1800,2.2300,2.1700,2.2100,2.1900,47163797,104172839.9700,3,0.335600,1,0.913200,0
498,2024-01-22,sh.600606,2.2000,2.2100,2.0800,2.1000,2.2100,56744987,122201012.6200,3,0.403800,1,-4.977400,0
499,2024-01-23,sh.600606,2.0900,2.1300,2.0500,2.1100,2.1000,52756610,110156939.8400,3,0.375400,1,0.476200,0
500,2024-01-24,sh.600606,2.1000,2.2300,2.1000,2.2200,2.1100,77667150,168567847.1800,3,0.552600,1,5.213300,0
501,2024-01-25,sh.600606,2.2300,2.3600,2.2300,2.3500,2.2200,87149673,200490010.9900,3,0.620100,1,5.855900,0
502,2024-01-26,sh.600606,2.3500,2.4100,2.3400,2.3900,2.3500,83504931,199268935.7000,3,0.594200,1,1.702100,0
503,2024-01-29,sh.600606,2.4100,2.4300,2.3400,2.3400,2.3900,68529105,162856231.9900,3,0.487600,1,-2.092100,0
504,2024-01-30,sh.600606,2.3300,2.3600,2.2600,2.2700,2.3400,54518682,126017210.6500,3,0.387900,1,-2.991500,0
505,2024-01-31,sh.600606,2.1800,2.2100,2.1000,2.1100,2.2700,114037435,245436143.6100,3,0.811400,1,-7.048500,0
506,2024-02-01,sh.600606,2.0900,2.1600,2.0800,2.0900,2.1100,86558229,183138781.6400,3,0.615900,1,-0.947900,0
507,2024-02-02,sh.600606,2.1000,2.1800,1.9900,2.0400,2.0900,102864532,214958350.9800,3,0.731900,1,-2.392300,0
508,2024-02-05,sh.600606,2.0500,2.0700,1.9000,1.9200,2.0400,100030889,195980510.0000,3,0.711700,1,-5.882400,0
